page_num,genus,epithet,infra,author,taxon rank
703,Acacia,,,,genus
703,Acacia,albida,,Del. ,species
703,Acacia,cyanophylla,,Lindl. ,species
703,Acacia,farnesiana,,(L.) Willd. ,species
703,Acacia,seyal,,Del. ,species
703,Acacia,spirocarpa,,Hochstt. ,species
703,Acacia,tortilis,,Hayne ,species
703,Acer,,,,genus
703,Acer,hermoneum,,Bornm. et Schw. ,species
703,Acer,kyrcanum,,Fisch. et Mey. ,species
703,Acer,monspessulanum,,L. ,species
703,Acer,syriacum,,Boiss. et Gaill. ,species
703,Acer,tauricolum,,Boiss. et Bal. ,species
703,Actinolema,,,,genus
703,Actinolema,eryngioides,,Fenzl ,species
703,Actinolema,macrolema,,Boiss. ,species
703,Adenocarpus,,,,genus
703,Adenocarpus,complicatus,,(L.) J. Gay ,species
703,Adenocarpus,divaricatus,,(L'Hér.) Boiss. ,species
703,Adenocarpus,intermedius,,D.C. ,species
703,Adenotrias,,,,genus
703,Adenotrias,kotsckyi,,Jaub. et Spach ,species
703,Adenotrias,phrygia,,Jaub. et Spach ,species
703,Adonis,,,,genus
703,Adonis,aestivalis,,L. ,species
703,Adonis,aleppica,,Boiss. ,species
703,Adonis,annua,,L. ,species
703,Adonis,autumnalis,,L. ,species
703,Adonis,cupatdana,,Guss. ,species
703,Adonis,dentata,,Del. ,species
703,Adonis,eriocalycina,,Boiss. ,species
703,Adonis,flammea,,Jacqu. ,species
703,Adonis,microcarpa,,D.C. ,species
703,Aegilops,,,,genus
703,Aegilops,biuncialis,,Vis. ,species
703,Aegilops,lorentii,,Hochstt. ,species
703,Aegilops,squarrosa,,L. ,species
703,Aegilops,tauschii,,Cosson ,species
703,Aethionema,,,,genus
703,Aethionema,arabicum,,(L.) Cràntz ,species
703,Aethionema,armenum,,Boiss. ,species
703,Aethionema,buxbaumii,,Fisch. ,species
703,Aethionema,campylopterum,,Boiss. ,species
703,Aethionema,capitatum,,Boiss. et Bal. ,species
703,Aethionema,carneum,,(Banks et Sol.) Fisch ,species
703,Aethionema,cordatum,,(Desf.) Boiss. ,species
703,Aethionema,coridifolium,,D.C. ,species
703,Aethionema,heterocarpum,,J. Gay ,species
703,Aethionema,lignosum,,Boiss. et Hausskn. ,species
703,Aethionema,longistylum,,Post ,species
703,Aethionema,oppositifolium,,(Lab.) Boiss. ,species
703,Aethionema,polygaloides,,Ledeb. ,species
703,Aethionema,spicatum,,Post ,species
703,Aethionema,syriacum,,(Boiss.) Hd.-Mz. ,species
703,Agrimonia,,,,genus
703,Agrimonia,eupatoria,,L. ,species
703,Agrimonia,odorata,,Mill. ,species
703,Agropyron,,,,genus
703,Agropyron,aucheri,,Boiss. ,species
703,Agropyron,trichophorum,,(Link) Richt. ,species
703,Agrostis,,,,genus
703,Agrostis,semiverticillata,,(Forssk.) Christ. ,species
703,Ailanthus,,,,genus
703,Ailanthus,altissima,,(Mill.) Swingle ,species
703,Ailanthus,glandulosa,,Desf. ,species
703,Ainsworthia,,,,genus
703,Ainsworthia,cordata,,(Jacqu.) Boiss. ,species
703,Ainsworthia,trachycarpa,,Boiss. ,species
703,Alcea,,,,genus
703,Alcea,acaulis,,(Cav.) Alef. ,species
703,Alcea,apterocarpa,,Fenzl ,species
703,Alcea,chrysantha,,(Sam.) Zoh. ,species
703,Alcea,damascena,,(Mout.) Mout. ,species
703,Alcea,digitata,,(Boiss.) Alef. ,species
703,Alcea,dissecta,,(^aker) Zoh. ,species
703,Alcea,galilaea,,Zoh. ,species
703,Alcea,haussknechtii,,Boiss. ,species
703,Alcea,hohenackeri,,(Boiss. et Huet) Boiss. ,species
703,Alcea,kurdica,,(Schlecht.) Alef. ,species
703,Alcea,lavateriflora,,(D.C.) Boiss. ,species
703,Alcea,leiocarpa,,(Sam.) Mout. ,species
703,Alcea,pallida,,Waldst. et Kit. ,species
703,Alcea,remotiflora,,(Boiss. et Heldr.) Alef. ,species
703,Alcea,rhyticarpa,,(Trautv.) Iljin ,species
703,Alcea,rosea,,L. ,species
703,Alcea,rufescens,,Boiss. ,species
703,Alcea,setosa,,(Boiss.) Alef. ,species
703,Alcea,striata,,(D.C.) Alef. ,species
703,Alcea,sulphured,,'(Boiss. et Hausskn.) Alef. ,species
703,Alchemilla,,,,genus
703,Alchemilla,aphanes,,Desf. ,species
703,Alchemilla,arvensis,,(L.) Scop. ,species
703,Alchemilla,diademata,,Rothm. ,species
704,Alchemilla,noribunda,,Murb. ,species
704,Alchemilla,microcarpa,,Boiss. et Reut. ,species
704,Alhagi,,,,genus
704,Alhagi,camelorum,,Fisch. ,species
704,Alhagi,mannifera,,Desf. ,species
704,Alhagi,maurorum,,Willd. ,species
704,Alhagi,pseudalhâgi,,(Bieb.) Desf. ,species
704,Alliaria,,,,genus
704,Alliaria,officinalis,,Andrz. ,species
704,Alliaria,petiolata,,(Bieb.) Cav. et Grande ,species
704,Allium,,,,genus
704,Allium,asclepiadeum,,Bornm. ,species
704,Allium,birkinshawii,,Moût. ,species
704,Allium,myrianthum,,Boiss. ,species
704,Allium,orientale,,Boiss. ,species
704,Alopecurus,,,,genus
704,Alopecurus,anthoxanthoides,,Boiss. ,species
704,Alopecurus,arundinaceus,,Poir. ,species
704,Alopecurus,utriculatus,,Banks et Sol. ,species
704,Alopecurus,ventricosus,,Pers. ,species
704,Althaea,,,,genus
704,Althaea,acaulis,,Cav. ,species
704,Althaea,apterocarpa,,Fenzl ,species
704,Althaea,bertrami,,Post et Beauv. ,species
704,Althaea,cannabina,,L. ,species
704,Althaea,chrysantha,,Sam. ,species
704,Althaea,damascena,,Moût. ,species
704,Althaea,digitala,,Boiss. ,species
704,Althaea,disserta,,Baker ,species
704,Althaea,haussknechtii,,(Boiss.) Benth. ,species
704,Althaea,hirsuta,,L. ,species
704,Althaea,hohenackeri,,"Boiss, et Huet ",species
704,Althaea,kotschyi,,Boiss. ,species
704,Althaea,kurdica,,Schlecht. ,species
704,Althaea,leiocarpa,,Sam. ex Rech. fil. ,species
704,Althaea,ludwigii,,L. ,species
704,Althaea,octaviae,,Reut. ex Oppenh. ,species
704,Althaea,officinalis,,L. ,species
704,Althaea,pallida,,Waldst. et Kit. ,species
704,Althaea,remotiflora,,Boiss. et Heldr. ,species
704,Althaea,rhyticarpa,,Trautv. ,species
704,Althaea,rosea,,(L.) Cav. ,species
704,Althaea,rufescens,,Boiss. ,species
704,Althaea,setosa,,Boiss. ,species
704,Althaea,striata,,D.C. ,species
704,Althaea,sulphurea,,Boiss. et Hausskn. ,species
704,Alyssum,,,,genus
704,Alyssum,alpestre,,L. ,species
704,Alyssum,alyssoides,,L. ,species
704,Alyssum,antilibanoticum,,Rech. fil. ,species
704,Alyssum,argenteum,,Ung. ,species
704,Alyssum,aureum,,(Fenzl) Boiss. ,species
704,Alyssum,baumgartnerianum,,Bornm. ,species
704,Alyssum,calycinum,,L. ,species
704,Alyssum,campestre,,L. ,species
704,Alyssum,cassium,,Boiss. ,species
704,Alyssum,clypeatum,,L. ,species
704,Alyssum,condensation,,Boiss. et Hoh. ,species
704,Alyssum,contemptum,,Schott et Ky ,species
704,Alyssum,crenulatum,,Boiss. ,species
704,Alyssum,damascenum,,Boiss. et Gaill. ,species
704,Alyssum,dasycarpum,,Steph. ,species
704,Alyssum,degenianum,,Nyaradi ,species
704,Alyssum,desertorum,,Stapf ,species
704,Alyssum,dubertretii,,Gombault ,species
704,Alyssum,filifolium,,Wahlenb. ,species
704,Alyssum,flexibile,,Nyaradi ,species
704,Alyssum,haradjianii,,Rech. fil. ,species
704,Alyssum,hirsutum,,Auct. ,species
704,Alyssum,homalocarpum,,(F. et M.) Boiss. ,species
704,Alyssum,iranicum,,Bornm. ,species
704,Alyssum,lepidoto-stellatum,,(Hausskn.) Dudley ,species
704,Alyssum,libanoticum,,Nyaradi ,species
704,Alyssum,macrostylum,,Boiss. et Huet ,species
704,Alyssum,marginatum,,Steud. ,species
704,Alyssum,maritimum,,(L.) Lam. ,species
704,Alyssum,meniocoides,,Boiss. ,species
704,Alyssum,minimum,,L. ,species
704,Alyssum,minimum,,Willd. ,species
704,Alyssum,minus,,(L.) Rothm. ,species
704,Alyssum,minutum,,Schlecht. ,species
704,Alyssum,montanum,,Auct. ,species
704,Alyssum,mouradicum,,Boiss. et Bal. ,species
704,Alyssum,murale,,Waldst. et Kit. ,species
704,Alyssum,oxycarpum,,Boiss. et Bal. ,species
704,Alyssum,parviflorum,,Bieb. ,species
704,Alyssum,pyramidatulum,,Bornm. ,species
704,Alyssum,repens,,Baumg. ,species
704,Alyssum,samariferum,,Boiss. et Hausskn. ,species
704,Alyssum,serpyllifolium,,Desv. ,species
704,Alyssum,singarense,,Boiss. et Hausskn. ,species
704,Alyssum,stapffii,,Vierh. ,species
704,Alyssum,stribrnyi,,Velen. ,species
704,Alyssum,strictum,,Willd. ,species
704,Alyssum,strigosum,,Banks et Sol. ,species
704,Alyssum,subspinosum,,Dudley ,species
704,Alyssum,sulphureum,,Dudl. et Huber-Morath ,species
704,Alyssum,syriacum,,Nyaradi ,species
704,Alyssum,szowitsianum,,Fisch. et Mey. ,species
704,Alyssum,tetrastemon,,Boiss. ,species
704,Alyssum,trochocarpum,,Fenz ,species
704,Alyssum,umbellatum,,Desv. ,species
704,Alyssum,vesicaria,,L. ,species
704,Alyssum,xanthocarpum,,Boiss. et Huet ,species
704,Amaranthus,,,,genus
704,Amaranthus,albus,,L. ,species
704,Amaranthus,blitoides,,C. Wats. ,species
704,Amaranthus,deflexus,,L. ,species
704,Amaranthus,hybridus,,L. ,species
704,Amelanchier,,,,genus
704,Amelanchier,ovalis,,Medik. ,species
704,Amelanchier,vulgaris,,Moench ,species
704,Ammi,,,,genus
704,Ammi,majus,,L. ,species
704,Ammi,visnaga,,L. ,species
705,Ammothamnus,,,,genus
705,Ammothamnus,gibbosus,,(D.C.) Boiss. ,species
705,Ampélopsis,,,,genus
705,Ampélopsis,orientalis,,(Lam.) Planchon ,species
705,Amygdalus,,,,genus
705,Amygdalus,agrestis,,Boiss. ,species
705,Amygdalus,arabica,,Oliv. ,species
705,Amygdalus,communis,,L. ,species
705,Amygdalus,korschinskii,,(Hd. Mz.) Bornm. ,species
705,Amygdalus,kotsckyi,,Boiss. et Heldr. ,species
705,Amygdalus,orientalis,,Mill. ,species
705,Amygdalus,persica,,L. ,species
705,Amygdalus,spartioides,,Spach ,species
705,Anabasis,,,,genus
705,Anabasis,apkylla,,L. ,species
705,Anabasis,articulata,,(Forssk.) Moqu. ,species
705,Anabasis,haussknechtii,,Bge ,species
705,Anabasis,ramosissima,,Boiss. ,species
705,Anabasis,syriaca,,Iljin ,species
705,Anagyris,,,,genus
705,Anagyris,foetida,,L. ,species
705,Anastatica,,,,genus
705,Anastatica,syriaca,,L. ,species
705,Anatropa,,,,genus
705,Anatropa,tenella,,Ehrenb. ,species
705,Anchonium,,,,genus
705,Anchonium,billardieri,,D.C. ,species
705,Anchonium,elichrysifolium,,(D.C.) Bornm. ,species
705,Andrachne,,,,genus
705,Andrachne,rotundifolia,,C.A. Mey. ,species
705,Andrachne,telephioides,,L. ,species
705,Androsaemum,,,,genus
705,Androsaemum,hircinum,,(L.) Spach ,species
705,Andrzeiowskia,,,,genus
705,Andrzeiowskia,cardamine,,Reichenb. ,species
705,Andrzeiowskia,cardaminifolia,,(D.C.) Prantl ,species
705,Anemone,,,,genus
705,Anemone,blânda,,Schott et Ky ,species
705,Anemone,coccinea,,Jord. ,species
705,Anemone,coronaria,,L. ,species
705,Anemone,eyanea,,Risso ,species
705,Anethum,,,,genus
705,Anethum,foeniculum,,L. ,species
705,Anethum,graveolens,,L. ,species
705,Anethum,piperitum,,Ucria ,species
705,Anethum,segetum,,L. ,species
705,Anisopleura,,,,genus
705,Anisopleura,crenata,,Fenzl ,species
705,Anisociadium,,,,genus
705,Anisociadium,isosciadium,,Boiss. ,species
705,Anisociadium,orientale,,D.C. ,species
705,Anogramma,,,,genus
705,Anogramma,leptophylla,,(L.) Link ,species
705,Anthriscus,,,,genus
705,Anthriscus,lamprocarpa,,Boiss. ,species
705,Anthriscus,nemorosa,,(M. Bieb) Spreng. ,species
705,Anthriscus,vulgaris,,Spreng. ,species
705,Anthyllis,,,,genus
705,Anthyllis,incisa,,vWilld. ,species
705,Anthyllis,maura,,Beck ,species
705,Anthyllis,tetrapkylla,,L. ,species
705,Anthyllis,vulneraria,,L. ,species
705,Aphanes,,,,genus
705,Aphanes,comucopiae,,Pomel ,species
705,Aphanes,arvensis,,L. ,species
705,Apium,,,,genus
705,Apium,graveolens,,L. ,species
705,Apium,nodiflorum,,(L.) Reichb. ,species
705,Apium,petroselinum,,L. ,species
705,Arabidopsis,,,,genus
705,Arabidopsis,pumila,,(Steph.) Busch ,species
705,Arabidopsis,thaliana,,(L.) Heynh. ,species
705,Arabis,,,,genus
705,Arabis,albida,,Stev. ,species
705,Arabis,aucheri,,Boiss. ,species
705,Arabis,auriculata,,Lam. ,species
705,Arabis,caucasica,,Schlecht. ,species
705,Arabis,laxa,,Sibth. et Smith ,species
705,Arabis,montbretiana,,Boiss. ,species
705,Arabis,nova,,Vill. ,species
705,Arabis,nuda,,Bélanger ,species
705,Arabis,petiolata,,M. Bieb. ,species
705,Arabis,sagittata,,(Bertol.) D.C. ,species
705,Arabis,thaliana,,L. ,species
705,Arabis,turrita,,L. ,species
705,Argemone,,,,genus
705,Argemone,mexicana,,,species
705,Argyrolobium,,,,genus
705,Argyrolobium,crotalarioides,,Jaub. et Spach ,species
705,Argyrolobium,gracile,,Fenzl ,species
705,Argyrolobium,syriacum,,Boiss. ,species
705,Aristida,,,,genus
705,Aristida,plumosa,,L. ,species
705,Aristida,lanata,,Forssk. ,species
705,Armeniaca,,,,genus
705,Armeniaca,vulgaris,,Lam. ,species
705,Artedia,,,,genus
705,Artedia,squamata,,L. ,species
705,Arthrocnemum,,,,genus
705,Arthrocnemum,glaucum,,(Del.) Ung. Stern. ,species
705,Arthrocnemum,macrostachyum,,(Moricand) ,species
705,Arthrocnemum,macrostachyum,Delponte,,et
705,Arum,,,,genus
705,Arum,graminéum,,Banks et Sol. ,species
705,Arundo,,,,genus
705,Arundo,australii,,Cav. ,species
705,Asphodeline,,,,genus
705,Asphodeline,globifera,,J. Gay ,species
705,Asphodeline,recurva,,Post ,species
705,Asphodeline,taurica,,(Pall.) Kunth ,species
705,Aspidium,,,,genus
705,Aspidium,libanoticum,,Ros. ,species
705,Asplenium,,,,genus
706,Asplenium,adiantum-nigrum,,L. ,species
706,Asplenium,onopteris,,L. ,species
706,Astoma,,,,genus
706,Astoma,seselifolium,,D.C. ,species
706,Astragalus,,,,genus
706,Astragalus,acinaciferus,,Boiss. ,species
706,Astragalus,aintabicus,,Boiss. ,species
706,Astragalus,alexandrinus,,Boiss. ,species
706,Astragalus,ammocryptus,,Boiss. ,species
706,Astragalus,ancistrocarpus,,Boiss. et Hàusskn. ,species
706,Astragalus,ancyleus,,Boiss. ,species
706,Astragalus,andrachne,,Boiss. ,species
706,Astragalus,andrachnifolius,,Fenzl ,species
706,Astragalus,angulosus,,D.G. ,species
706,Astragalus,angustifolius,,Lam. ,species
706,Astragalus,annularis,,Forssk. ,species
706,Astragalus,antabicus,,Boiss. ,species
706,Astragalus,anthylloides,,Lam. ,species
706,Astragalus,antilibani,,Bge ,species
706,Astragalus,antiochianus,,Post ,species
706,Astragalus,arbainensis,,Eig ,species
706,Astragalus,argyrophyttus,,Boiss. et Gaill. ,species
706,Astragalus,argyrothamnos,,Boiss. ,species
706,Astragalus,ascophorus,,Fisch. ,species
706,Astragalus,aulacolobus,,Boiss. ,species
706,Astragalus,baalbekensis,,Bornm. ,species
706,Astragalus,baeticus,,L. ,species
706,Astragalus,barbatus,,Lam. ,species
706,Astragalus,barukanus,,Eig ,species
706,Astragalus,beershabensis,,Eig et Sam. ,species
706,Astragalus,berytheus,,Boiss. et Bl. ,species
706,Astragalus,bethlehemiticus,,Boiss. ,species
706,Astragalus,bhamrensis,,Sirj. et Rech. fil. ,species
706,Astragalus,bombycinus,,Boiss. ,species
706,Astragalus,brachyceras,,Ledeb. ,species
706,Astragalus,brachystachys,,D.C. ,species
706,Astragalus,bracteosus,,Boiss. et Noë ,species
706,Astragalus,butleri,,Post ,species
706,Astragalus,callichrous,,Boiss. ,species
706,Astragalus,canaliculatus,,Willd. ,species
706,Astragalus,cataonicus,,Bge ,species
706,Astragalus,cedreti,,Boiss. ,species
706,Astragalus,cephalotes,,Banks et Sol. ,species
706,Astragalus,chaborasicus,,Boiss. et Hausskn. ,species
706,Astragalus,chlofostegius,,Boiss et Haussk. ,species
706,Astragalus,collinus,,Boiss. ,species
706,Astragalus,coluteoides,,Willd. ,species
706,Astragalus,commixtus,,Bge ,species
706,Astragalus,corîdûpUcaÈu^Sretoï.,,,species
706,Astragalus,corrugatus,,Bertol. ,species
706,Astragalus,cretaceus,,Boiss. et Ky ,species
706,Astragalus,cruciatus,,Link ,species
706,Astragalus,cruentiflorus,,Boiss. ,species
706,Astragalus,cucullaris,,Boiss. ,species
706,Astragalus,dactylocarpus,,Boiss. ,species
706,Astragalus,damascenus,,Boiss. et GailL ,species
706,Astragalus,darmikii,,Moût. ,species
707,Astragalus,vexillaris,,Boiss. ,species
707,Astragalus,zachlensis,,Bge ,species
707,Astragalus,zebedamenis,,Freyn et Bornm. ,species
707,Astragalus,zemeraniensis,,Eig ,species
707,Astrantia,,,,genus
707,Astrantia,prenticei,,Post ,species
707,Astrodaucus,,,,genus
707,Astrodaucus,leptocarpus,,(Hochst.) Drude ,species
707,Astrodaucus,orientalis,,(L.) Drude ,species
707,Atriplex,,,,genus
707,Atriplex,laevis,,C'A. Mey. ,species
707,Atriplex,littoralis,,L. ,species
707,Àubrietia,,,,genus
707,Àubrietia,cdnescens,,(Boiss.) Bornm. ,species
707,Àubrietia,libanotica,,Boiss. ,species
707,Àubrietia,parviflora,,Boiss. ,species
707,Avena,,,,genus
707,Avena,alba,,auct. ,species
707,Avena,barbata,,Potter ,species
707,Avena,ludoviciana,,Dur. ,species
707,Avena,sterilis,,L. ,species
707,Barbarea,,,,genus
707,Barbarea,minor,,C. Koch ,species
707,Barbarea,plantaginea,,D.C. ,species
707,Behen,,,,genus
707,Behen,vulgaris,,Moench ,species
707,Bellevalia,,,,genus
707,Bellevalia,douinii,,Pabot et Moût. ,species
707,Berberis,,,,genus
707,Berberis,eretica,,L. ,species
707,Berberis,libanotica,,Ehrenb. ,species
707,Berula,,,,genus
707,Berula,angustifolia,,(L.) Mert. et Koch ,species
707,Berula,erecta,,(Huds.) Coville ,species
707,Biarum,,,,genus
707,Biarum,gramineum,,(Banks et Sol.) Eig ,species
707,Biarum,russellianum,,Schott ,species
707,Biebersteinia,,,,genus
707,Biebersteinia,multifida,,D.C. ,species
707,Bifora,,,,genus
707,Bifora,testiculata,,Roth ,species
707,Bilderdykia,,,,genus
707,Bilderdykia,convolvulus,,(L.) Dumort. ,species
707,Biscutella,,,,genus
707,Biscutella,ciliata,,D.C. ,species
707,Biscutella,coluntnae,,Boiss. ,species
707,Biscutella,didyma,,L. ,species
707,Biserrula,,,,genus
707,Biserrula,pelecinus,,L. ,species
707,Boerhavia,,,,genus
707,Boerhavia,africana,,Loureiro ,species
707,Boerhavia,plumbaginea,,Cav. ,species
707,Boissiera,,,,genus
708,Boissiera,pumilio,,(Ton.) Beck. ,species
708,Boissiera,squarrosa,,(Banks et Sol.) Nevski ,species
708,Bonavenia,,,,genus
708,Bonavenia,securidacaiÇL.),,Desv. ,species
708,Bongardia,,,,genus
708,Bongardia,chrysogonum,,(L.) Boiss. ,species
708,Bongardia,rauwolfii,,C.A. Mey. ,species
708,Brassica,,,,genus
708,Brassica,assyriaca,,Moût. ,species
708,Brassica,campestris,,L. ,species
708,Brassica,eretica,,"Lam, ",species
708,Brassica,deflexa,,Boiss. ,species
708,Brassica,eruca,,L. ,species
708,Brassica,leptocarpos,,Boiss. ,species
708,Brassica,libanotica,,Post ,species
708,Brassica,napus,,L. ,species
708,Brassica,nigra,,L. ,species
708,Brassica,nivea,,Boiss. et Sprun. ,species
708,Brassica,oleracea,,L. ,species
708,Brassica,purpurascens,,Banks et Sol. ,species
708,Brassica,râpa,,L. ,species
708,Brassica,rupicola,,Bouloumoy ,species
708,Brassica,tournefortii,,Gouan ,species
708,Brassica,vesicaria,,L. ,species
708,Briza,,,,genus
708,Briza,humilis,,M. Bieb. ,species
708,Briza,spicata,,Sibth. et Smith ,species
708,Bromus,,,,genus
708,Bromus,diandrus,,Roth ,species
708,Bromus,gussonii,,Pari. ,species
708,Bromus,rigidus,,Roth ,species
708,Buffonia,,,,genus
708,Bullardia,,,,genus
708,Bullardia,vaillantii,,(Willd.) D.C. ,species
708,Bunias,,,,genus
708,Bunias,aegyptiacus,,L. ,species
708,Bunias,cakile,,L. ,species
708,Bunias,my,,agroides L. ,species
708,Bunias,spinosa,,Turra ,species
708,Bunium,,,,genus
708,Bunium,cassium,,Boiss. ,species
708,Bunium,creticum,,d'Urv. ,species
708,Bunium,elegans,,(Fenzl) Freyn ,species
708,Bunium,ferulaceum,,Sibth. et Smith ,species
708,Bunium,ferulifolium,,Desf. ,species
708,Bunium,pestalozzae,,Boiss. ,species
708,Bupleurum,,,,genus
708,Bupleurum,aleppicum,,Bobs. ,species
708,Bupleurum,australe,,Jord. ,species
708,Bupleurum,boiss,,ri Post ,species
708,Bupleurum,brachiatum,,C. Koch ,species
708,Bupleurum,brevicaule,,Schlecht. ,species
708,Bupleurum,cappadocicum,,Boiss. ,species
708,Bupleurum,croceum,,Fenzl ,species
708,Bupleurum,dichotomum,,Boiss. ,species
708,Bupleurum,fontanesii,,Guss. ,species
708,Bupleurum,fruticosum,,L. ,species
708,Bupleurum,gerardii,,Ail. ,species
708,Bupleurum,glaucum,,Rob. et Cast. ,species
708,Bupleurum,heterophyllum,,Link ,species
708,Bupleurum,irregulare,,Boiss. et Ky ,species
708,Bupleurum,koechelii,,Fenzl ,species
708,Bupleurum,kurdicum,,Boiss. ,species
708,Bupleurum,lancifolium,,Hornem. ,species
708,Bupleurum,libanoticum,,Boiss. ,species
708,Bupleurum,linearifolium,,D.C. ,species
708,Bupleurum,nodiflorum,,Sibth. et Smith ,species
708,Bupleurum,odontiies,,Boiss. ,species
708,Bupleurum,papillosum,,D.C. ,species
708,Bupleurum,postii,,Wolff ,species
708,Bupleurum,protractum,,Hoffm. et Link ,species
708,Bupleurum,rotundifolium,,L. ,species
708,Bupleurum,semicompositum,,L. ,species
708,Bupleurum,subovatum,,Link ,species
708,Bupleurum,trichopodum,,Boiss. et Sprun. ,species
708,Butinia,,,,genus
708,Butinia,libanotica,,Boiss. ,species
708,Buxus,,,,genus
708,Buxus,longifolia,,Boiss. ,species
708,Buxus,sempervirens,,L. ,species
708,Cachrys,,,,genus
708,Cachrys,crispa,,Pers. ,species
708,Cachrys,goniocarpa,,Boiss. ,species
708,Cachrys,microcarpa,,M. Bieb. ,species
708,Cactus,,,,genus
708,Cactus,ficus-indica,,L. ,species
708,Cactus,opuntia,,L. ,species
708,Cakile,,,,genus
708,Cakile,aegyptiaca,,(L.) Maire et Weiller ,species
708,Cakile,maritima,,Scop. ,species
708,Calepina,,,,genus
708,Calepina,corvinii,,Desv. ,species
708,Calepina,irregularis,,(Asso) Thell. ,species
708,Calligonum,,,,genus
708,Calligonum,comosum,,L'Hér. ,species
708,Calligonum,tetrapterum,,Jaub. et Spach ,species
708,Callitriche,,,,genus
708,Callitriche,naftolskyi,,Warb. ,species
708,Callitriche,sp.,,nova ,species
708,Callitriche,truncata,,Guss. ,species
708,Calycotome,,,,genus
708,Calycotome,villosa,,(Vahl) Link ,species
708,Camelina,,,,genus
708,Camelina,anomala,,Boiss et Hausskn.. ,species
708,Camelina,hispida,,Boiss. ,species
708,Camelina,lasiocarpa,,Boiss. et Hausskn. ,species
708,Camelina,microcarpa,,Andrz. ,species
708,Camelina,rumelica,,Velen. ,species
708,Camelina,silvestris,,Wallr. ,species
709,Campylopterum,,,,genus
709,Campylopterum,syriacum,,Boiss. ,species
709,Capnophyllum,,,,genus
709,Capnophyllum,peregrinum,,(L.) Lagr. ,species
709,Capparis,,,,genus
709,Capparis,parviflora,,Boiss. ,species
709,Capparis,sicula,,Duhamel ,species
709,Capparis,spinosa,,L. ,species
709,Capsella,,,,genus
709,Capsella,bursa-pastoris,,(L.) Medik. ,species
709,Capsella,gelmi,,Murr. ,species - hybrid
709,Capsella,procumbens,,(L.) Fries ,species
709,Capsella,rubella,,Reut. ,species
709,Cardamine,,,,genus
709,Cardamine,fontana,,Lam. ,species
709,Cardamine,graeca,,L. ,species
709,Cardamine,hirsuta,,L. ,species
709,Cardamine,uliginosa,,M. Bieb. ,species
709,Cardariâ,,,,genus
709,Cardariâ,chalepensis,,(L.) Hand. Mazz. ,species
709,Cardariâ,drabà,,(L.) Desv. ,species
709,Carex,,,,genus
709,Carex,buekii,,Wimm. ,species
709,Carex,echinata,,Murr. ,species
709,Carex,gracilis,,Curt. ,species
709,Carex,stellulata,,Good. ,species
709,Caroxylon,,,,genus
709,Caroxylon,salicomicum,,Moqu. ,species
709,Carpoceras,,,,genus
709,Carpoceras,amani,,Post ,species
709,Carpoceras,cappadocicum,,Boiss. et Reut. ,species
709,Carpoceras,oxyciras,,Boiss. ,species
709,Carrichtera,,,,genus
709,Carrichtera,annua,,(L.) Asch. ,species
709,Carrichtera,vellae,,D.C. ,species
709,Carum,,,,genus
709,Carum,elegans,,Fenzl ,species
709,Carum,ferulifolium,,Boiss. ,species
709,Carum,paucifolium,,D.C. ,species
709,Carum,pestalozzae,,Boiss. ,species
709,Carum,polyphyllum,,Boiss. et Bl. ,species
709,Carum,ridolfia,,Benth. et Hook. ,species
709,Caucalis,,,,genus
709,Caucalis,arvensis,,Huds. ,species
709,Caucalis,daucoides,,L. ,species
709,Caucalis,erythrotticha,,Baiss. ,species
709,Caucalis,fallax,,Boiss. ,species
709,Caucalis,gaillardotii,,Boiss. ,species
709,Caucalis,latifolia,,L. ,species
709,Caucalis,leptophylla,,L. ,species
709,Caucalis,maritima,,Gouan ,species
709,Caucalis,orientalis,,L. ,species
709,Caucalis,platycarpos,,L. ,species
709,Caucalis,pulcherrima,,Willd. ,species
709,Caucalis,pumila,,L. ,species
709,Caucalis,purpurea,,Ten. ,species
709,Caucalis,strigosa,,Banks et Sol. ,species
709,Caylusea,,,,genus
709,Caylusea,canescens,,(L.) St. Hil. ,species
709,Caylusea,hexagyna,,(Forssk.) M.L. Green ,species
709,Cephalanthera,,,,genus
709,Cephalanthera,damasonium,,(Mill.) Druce ,species
709,Cerasus,,,,genus
709,Cerasus,antilibanotica,,Post ,species
709,Cerasus,mahaleb,,(L.) Mill. ,species
709,Cerasus,microcarpa,,(C.A; Mey.) C. Koch ,species
709,Cerasus,prostrata,,(Lab.) Ser. ,species
709,Cerasus,tortuosa,,Boiss. et Hausskn. ,species
709,Ceratocapnos,,,,genus
709,Ceratocapnos,palaestina,,Boiss. ,species
709,Ceratocephalus,,,,genus
709,Ceratocephalus,falcafus,,(L.) Pers. ,species
709,Ceratocephalus,syriacus,,Stev. ,species
709,Ceratonia,,,,genus
709,Ceratonia,siliqua,,L. .. ,species
709,•Ceratophyllum,,,,genus
709,•Ceratophyllum,demersum,,L. ,species
709,Cercis,,,,genus
709,Cercis,siliquastrum,,L. ,species
709,Chaerophyllum,,,,genus
709,Chaerophyllum,aurantiacum,,Post ,species
709,Chaerophyllum,libanoticum,,Boiss. et Ky ,species
709,Chaerophyllum,macrospermum,,Fisch. et Mey. ,species
709,Chaerophyllum,nemorosum,,M. Bieb. ,species
709,Chaerophyllum,nodosum,,(L.) Lam. ,species
709,Chaerophyllum,syriacum,,Hempr. et Ehrenb. ,species
709,Chaetosciadium,,,,genus
709,Chaetosciadium,trichospermum,,(L.) Boiss. ,species
709,Chamaenerion,,,,genus
709,Chamaenerion,angttstifolium,,(L.) Scop. ,species
709,Chamaeplium,,,,genus
709,Chamaeplium,officinale,,(L.) Wallr. ,species
709,Cheilanthes,,,,genus
709,Cheilanthes,catanensis,,(Cosentini) H.P. Fuchs ,species
709,Cheilanthes,fragrans,,(L.f.) Swartz ,species
709,Cheilanthes,marantae,,(L.) Domin ,species
709,Cheilanthes,pteridioides,,(Reich.) Christ. ,species
709,Cheiranthus,,,,genus
709,Cheiranthus,bicornes,,Sibth. et Smith ,species
709,Cheiranthus,cheiri,,L. ,species
709,Cheiranthus,contortuplicatus,,Steph. ,species
709,Cheiranthus,fruticulosus,,L. ,species
709,Cheiranthus,longipetalus,,Vent. ,species
709,Cheiranthus,maritimus,,L. ,species
709,Cheiranthus,sulphureus,,Banks et Sol. ,species
709,Cheiranthus,tristis,,L. ,species
709,Chelidonium^,,,,genus
709,Chelidonium^,comiculatum,,L. ,species
709,Chelidonium^,dodecandrum,,Forssk. ,species
709,Chelidonium^,glaucium,,L. ,species
709,Chelidonium^,hybridum,,L. ,species
710,Ghesneya,,,,genus
710,Ghesneya,olivieri,,Jaub. et Spach ,species
710,Ghesneya,rhytidosperma,,Jaub. et Spach ,species
710,Chorispora,,,,genus
710,Chorispora,purpurascens,,Banks et Sol. ,species
710,Chorispora,syriaca,,Boiss. ,species
710,Chorispora,tenella,,(Pall.) D.C. ,species
710,Chrozophora,,,,genus
710,Chrozophora,hierosolymitana,,Spreng. ,species
710,Chrozophora,obliqua,,(Vahl) A. dejuss. ,species
710,Chrozophora,tinctoria,,(L.) Raf. ,species
710,Chrozophora,verbascifolia,,(Willd.) A. Juss. ,species
710,Chrysocamela,,,,genus
710,Chrysocamela,velutina,,(D.G.) Boiss. ,species
710,Cicer,,,,genus
710,Cicer,arietinum,,L. ,species
710,Cicer,bîjugum,,Rech. fil. ,species
710,Cicer,ervoides,,(Sieb.) Fenzl ,species
710,Cicer,ervoides,,Brign. ,species
710,Cicer,incisum,,(Willd.) K. Maly ,species
710,Cicer,lens,,Willd. ,species
710,Cicer,pinnatifidum,,Jaub. et Spach ,species
710,Gircaea,,,,genus
710,Gircaea,lutetiana,,L. ,species
710,Cissus,,,,genus
710,Cissus,orientalis,,Lam. ,species
710,Cistus,,,,genus
710,Cistus,aegyptiacus,,L. ,species
710,Cistus,arabicus,,L. ,species
710,Cistus,creticus,,L. ,species
710,Cistus,ellipticus,,Desf. ,species
710,Cistus,/umana,,L. ,species
710,Cistus,glutinosus,,L. ,species
710,Cistus,guttatus,,L. ,species
710,Cistus,ledifolius,,L. ,species
710,Cistus,Hppii,,L. ,species
710,Cistus,niloticus,,L. ,species
710,Cistus,nudifolius,,Lâm. ,species
710,Cistus,nummularius,,L. ,species
710,Cistus,racemosus,,L. ,species
710,Cistus,sàlviifolius,,L. ,species
710,Cistus,stipulatus,,Forssk. ,species
710,Cistus,thymifolius,,L. ,species
710,Cistus,tomentosus,,Scop. ,species
710,Cistus,umbellatus,,L. ,species
710,Cistus,villosus,,L. ,species
710,Clematis,,,,genus
710,Clematis,cirrhosa,,L. ,species
710,Clematis,flammula,,L. ,species
710,Clematis,vitalba,,L. ,species
710,Clematis,viticella,,L. ,species
710,Cleome,,,,genus
710,Cleome,glauca,,D.C. ,species
710,Cleome,glaucescens,,D.C. ,species
710,Cleome,kotschyana,,Boiss. ,species
710,Cleome,noëana,,Boiss. ,species
710,Cleome,ornithopodioides,,L. ,species
710,Clypeola,,,,genus
710,Clypeola,campestris,,L. ,species
710,Clypeola,echinata.,,D.C. ,species
710,Clypeola,jonthlaspi,,L. ,species
710,Clypeola,lappacea,,Boiss. ,species
710,Clypeola,maritima,,L. ,species
710,Clypeola,microcarpa,,Moris ,species
710,Clypeola,minor,,L. ,species
710,Cnidium,,,,genus
710,Cnidium,orientale.,,Boiss. ,species
710,Cochlearia,,,,genus
710,Cochlearia,coronopus,,L. ,species
710,Cochlearia,velutina,,D.C. ,species
710,Colchicum,,,,genus
710,Colchicum,fasciculare,,(L.) R. Br. ,species
710,Colchicum,fasciculare,,Boiss. ,species
710,Colchicum,halepense,,Freyn ,species
710,Colladonia,,,,genus
710,Colladonia,alata,,Boiss. ,species
710,Colladonia,anisoptera,,Boiss. ,species
710,Colladonia,crenata,,(Fenzl) Boiss. ,species
710,Colladonia,microcarpa,,(Benth. et Hook.) ,species
710,Colladonia,syriaca,,Boiss. ,species
710,Colutea,,,,genus
710,Colutea,arborescens,,L. ,species
710,Colutea,cilicica,,Boiss. et Bal. ,species
710,Colutea,haleppica,,Lam. ,species
710,Colutea,istria,,Mill. ,species
710,Colutea,"""melanocalyx",,Boiss. ,species
710,Colutea,spinosa,,Forssk. ,species
710,Coluteocarpus,,,,genus
710,Coluteocarpus,reticulatus,,(Lam.) Boiss. ,species
710,Coluteocarpus,vesicarius,,(L.) Holmboe ,species
710,Commicarpus,,,,genus
710,Commicarpus,africanus,,(Lour.) Dandy ,species
710,Conium,,,,genus
710,Conium,maculatum,,L. ,species
710,Conringia,,,,genus
710,Conringia,clavata,,Boiss. ,species
710,Conringia,orientalis,,(L.) Dum. ,species
710,Conringia,perfoliata,,(C.A. Mey.) Dum. ,species
710,Consolida,,,,genus
710,Consolida,ambigua,,(li.) Ball et Heywood ,species
710,Consolida,anthoroidea,,(Boiss.) Schrôd. ,species
710,Consolida,axilliflora,,(D.C.) Schrôd. ,species
710,Consolida,coelesyriaca,,Mout. ,species
710,Consolida,deserti-syriaci,,(Zoh.) Munz ,species
710,Consolida,flâva,,(D.C.) Schrod. ,species
710,Consolida,gombaultii,,(Thiéb.) Munz ,species
710,Consolida,hellespontica,,(Boiss.) Chater ,species
710,Consolida,hohenackeri,,(Boiss.).Grossheim ,species
710,Consolida,incana,,(Clarke) Munz ,species
710,Consolida,oligantha,,(Boiss.) Auct. ,species
710,Consolida,oliveriana,,(D.C.) Schrôd. ,species
710,Consolida,orientalis,,(Gay) Schroder ,species
710,Consolida,pusilla,,(Lab.) Schrôd. ,species
710,Consolida,rigida,,(D.C.) Hayek ,species
711,Consolida,rugulosa,,(Boiss.) Schrôd. ,species
711,Consolida,tomentosa,,(Âuch. ex Boiss.) ,species
711,Corchorus,,,,genus
711,Corchorus,olitorius,,L. ,species
711,Coriandrum,,,,genus
711,Coriandrum,sativum,,L. ,species
711,Coriandrum,testiculatum,,L. ,species
711,Coriandrum,tordylioides,,Boiss. ,species
711,Coriandrum,tordylium,,(Fenzl) Bornm. ,species
711,Cornus,,,,genus
711,Cornus,australis,,C.A. Mey. ,species
711,Cornus,mas,,L. ,species
711,Cornus,sanguinea,,L. ,species
711,Goronilla,,,,genus
711,Goronilla,eretica,,L. ,species
711,Goronilla,emeroides,,Boiss. et Sprun. ,species
711,Goronilla,emerus,,L. ,species
711,Goronilla,libanotica,,Boiss. ,species
711,Goronilla,parviflora,,Willd. ,species
711,Goronilla,scorpioides,,(L.) C. Koch ,species
711,Goronilla,securidaca,,L. ,species
711,Goronilla,varia,,L. ,species
711,Coronopus,,,,genus
711,Coronopus,squamatus,,(Forskk.) Asch. ,species
711,Coronopus,verrucarius,,(Gars.) Muschl. et Thell. ,species
711,Corydalis,,,,genus
711,Corydalis,libanotica,,Hochstt. ,species
711,Corydalis,rutifolia,,Sibth. et Smith ,species
711,Corydalis,solida,,(L.) Swartz ,species
711,Cotinus,,,,genus
711,Cotinus,coggygria,,Scop. ,species
711,Cotoneaster,,,,genus
711,Cotoneaster,nummulariifolia,,Fisch. et Mey. ,species
711,Cotoneaster,racemiflora,,(Desf.) C. Koch ,species
711,Cotoneaster,pyracantha,,(L.) Spach ,species
711,Cotyledon,,,,genus
711,Cotyledon,horizontalis,,Guss. ,species
711,Cotyledon,intermedia,,(Boiss.) Bornm. ,species
711,Cotyledon,libanotica,,(L.) Labili. ,species
711,Cotyledon,pestalozzae.,,(Boiss.) Mart. ,species
711,Cotyledon,tropaeolifolia,,(Boiss.) Bornm. ,species
711,Cotyledon,tuberosa,,(L.) Halacsy ,species
711,Cotyledon,umbilicus-veneris,,L. ,species
711,Crambe,,,,genus
711,Crambe,alutacea,,Hand.-Mazz. ,species
711,Crambe,aucheri,,Boiss. ,species
711,Crambe,glàberrima,,(Bornm.) Moût. ,species
711,Crambe,hispanica,,L. ,species
711,Crambe,orientalis,,L. ,species
711,Crambe,persica,,Boiss. ,species
711,Crassula,,,,genus
711,Crassula,alata,,(Viv.) Berger ,species
711,Crassula,caespitosa,,Cav. ,species
711,Crassula,magnolii,,D.C. ,species
711,Crassula,microcarpa,,"Sibth, et Smith ",species
711,Crassula,vaillantii,,(Willd.) Roth ,species
711,Crataegus,,,,genus
711,Crataegus,azarolus,,L. ,species
711,Crataegus,monogyna,,Willd. ,species
711,Crataegus,sinaica,,Boiss. ,species
711,Crataegus,tortninalis,,L. ,species
711,Crataegus,trilobata,,Lab. ,species
711,Crithmum,,,,genus
711,Crithmum,maritimum,,L. ,species
711,Crithopsis,,,,genus
711,Crithopsis,aegilopoides,,Link ,species
711,Crocus,,,,genus
711,Crocus,aleppicus,,Baker ,species
711,Croton,,,,genus
711,Croton,tinctorium,,L. ,species
711,Croton,verbascifolium,,Willd. ,species
711,Cyclotaxis,,,,genus
711,Cyclotaxis,palaestina,,Boiss. ,species
711,Cyclotaxis,turgida,,Boiss. ,species
711,Crystopţeris,,,,genus
711,Crystopţeris,filix-fragilis,,(L.) Borbas ,species
711,Crystopţeris,fragilis,,(L.) Bernh. ,species
711,Cytisopsis,,,,genus
711,Cytisopsis,doryeniifolia,,Jaub. et Spach ,species
711,Cytisus,,,,genus
711,Cytisus,cassiùs,,Boiss. ,species
711,Cytisus,dioaricatus,,L'Hér. ,species
711,Cytisus,drepanolobus,,Boiss. ,species
711,Cytisus,pterocladus,,Boiss. ,species
711,Cytisus,syriacus,,Boiss. et Bl. ,species
711,Danaa,,,,genus
711,Danaa,aquilegifolia,,AU. ,species
711,Danaa,cornubiensis,,(Torn.) Burm. ,species
711,Daphne,,,,genus
711,Daphne,libanotica,,Moût. ,species
711,Daphne,oleifolia,,Lam. ,species
711,Daphne,oleoides,,Schreb. ,species
711,Daphne,sericea,,Vahl ,species
711,Datisca,,,,genus
711,Datisca,cannabina,,L. ,species
711,Daucus,,,,genus
711,Daucus,aleppicus,,Thiéb. ,species
711,Daucus,aureus,,Desf. ,species
711,Daucus,blanchei,,Reut. ,species
711,Daucus,broteri,,Ten. ,species
711,Daucus,carota,,L. ssp. maximus ,species
711,Daucus,guttatus,,Sibth. et Smith ,species
711,Daucus,leptocarpus,,Hochst. ,species
711,Daucus,littoralis,,Sibth et Smith ,species
711,Daucus,maximus,,Desf. ,species
711,Daucus,imerosciadius,,Boiss. ,species
711,Daucus,pulcherrimus,,(Willd.) Koch ,species
711,Daucus,pumilus,,(L.) Hall ,species
711,Daucus,setulosus,,Guss. ,species
711,Daucus,speciosus,,Casaţi ,species
712,Daucus,subsessilis,,Boiss. ,species
712,Daucus,visnaga,,L. ,species
712,Delphinium,,,,genus
712,Delphinium,ajacis,,Auct. ,species
712,Delphinium,ambiguum,,L. ,species
712,Delphinium,anthoroideum,,Boiss. ,species
712,Delphinium,axilliflorum,,D.C. ,species
712,Delphinium,cappadocicum,,Boiss. ,species
712,Delphinium,deserti-syriaci,,Zoh. ,species
712,Delphinium,flavum,,D.C. ,species
712,Delphinium,gombaultii,,Thiéb. ,species
712,Delphinium,halteratum,,Sibth et Smith ,species
712,Delphinium,ithaburense,,Boiss. ,species
712,Delphinium,junceum,,D.C. ,species
712,Delphinium,kurdicum,,Boiss. et Hoh. ,species
712,Delphinium,macrostachyum,,Boiss. ex Huth ,species
712,Delphinium,oliganthum,,Boiss. ,species
712,Delphinium,oliverianum,,D.C. ,species
712,Delphinium,orientale,,J. Gay ,species
712,Delphinium,peregrinum,,L. ,species
712,Delphinium,pusillum,,Lab. ,species
712,Delphinium,pygmaea,,Poir. ,species
712,Delphinium,rigidum,,D.C. ,species
712,Delphinium,rugulosum,,Boiss. ,species
712,Delphinium,salmoneum,,Moût. ,species
712,Delphinium,sclerocladum,,Boiss. ,species
712,Delphinium,staphisagria,,L. ,species
712,Delphinium,tomentosum,,Auch. ,species
712,Delphinium,venulosum,,Boiss. ,species
712,Delphinium,virgatum,,Poir. ,species
712,Descurainia,,,,genus
712,Descurainia,sophia,,(L.) Webb et Prantl ,species
712,Desmaziera,,,,genus
712,Desmaziera,woronowii,,(Hack) Ocz ,species
712,Dictamnus,,,,genus
712,Dictamnus,albus,,L. ,species
712,Dictamnus,fraxinella,,,species
712,Didesmus,,,,genus
712,Didesmus,rostratus,,Boiss. ,species
712,Diplotaxis,,,,genus
712,Diplotaxis,erucoides,,(L.) D.C. ,species
712,Diplotaxis,harra,,(Forssk.) Boiss. ,species
712,Diplotaxis,tenuifolia,,(L.) D.Ç. ,species
712,Diplotaxis,viminea,,(L.) D.C. ,species
712,Diptychocarpus,,,,genus
712,Diptychocarpus,strictus,,(Fisch. et Mey.) Trautv. ,species
712,Dolichos,,,,genus
712,Dolichos,luteolus,,Jacqu. ,species
712,Dorema,,,,genus
712,Dorema,meifolia,,Fenzl ,species
712,Dorycnium,,,,genus
712,Dorycnium,anatolicum,,Boiss. ,species
712,Dorycnium,hausskfiechtii,,Boiss. ,species
712,Dorycnium,hirsutum,,(L.) Ser. ,species
712,Dorycnium,libanoticum,,Boiss. ,species
712,Dorycnium,rectum,,(L.) Ser. ,species
712,Draba,,,,genus
712,Draba,oxycarpa,,Boiss. ,species
712,Draba,praecox,,Stev. ,species
712,Draba,verna,,L. ,species
712,Draba,versicaria,,Desv. ,species
712,Drabopsis,,,,genus
712,Drabopsis,nuda,,(Bel.) Stapf ,species
712,Drabopsis,verna,,G- Koch ,species
712,Drosanthe,,,,genus
712,Drosanthe,helianthemoides,,Jaub. et Spach ,species
712,Drosera,,,,genus
712,Drosera,rotundifolia,,L. ,species
712,Dryopteris,,,,genus
712,Dryopteris,aculeata,,(L.) O. Kuntze ,species
712,Dryopteris,libanotica,,(Ros.) Christ. ,species
712,Dryopteris,pallida,,(Bory) Fomin ,species
712,Dryopteris,villarii,,(Thell.) Woynar ,species
712,Ducrosia,,,,genus
712,Ducrosia,anethifolia,,D.C. ,species
712,Ducrosia,flabellifolia,,Boiss. ,species
712,Echinophora,,,,genus
712,Echinophora,sibthorpiana,,Guss. ,species
712,Echinophora,tenuifolia,,L. ,species
712,Elaeagtlus,,,,genus
712,Elaeagtlus,angustifolia,,L. ,species
712,Elaeagtlus,hortensis,,Bieb. ,species
712,Elaeosticta,,,,genus
712,Elaeosticta,meifolia,,Fenzl. ,species
712,Elatine,,,,genus
712,Elatine,campylosperma,,Seub. ,species
712,Elatine,macropoda,,Guss. ,species
712,Enarthrocarpus,,,,genus
712,Enarthrocarpus,arcuatus,,Lab. ,species
712,Enarthrocarpus,lyratus,,(Forssk.) Boiss. ,species
712,Ephedra,,,,genus
712,Ephedra,alata,,Decne ,species
712,Ephedra,alte,,CA. Mey.. ,species
712,Ephedra,transitoria,,Riedl ,species
712,Epilobium,,,,genus
712,Epilobium,adnatum,,Gmel. ,species
712,Epilobium,alsinifolium,,Vill. ,species
712,Epilobium,angustifolium,,L. ,species
712,Epilobium,gemmascens,,C.A. Mey. ,species
712,Epilobium,hirsutum,,,species
712,Epilobium,lanceolatum,,Seb. et Mauri ,species
712,Epilobium,menthoides,,"Boiss, et Heldr. ",species
712,Epilobium,minutiflofum,,Hausskn. ,species
712,Epilobium,modestum,,Hausskn. ,species
712,Epilobium,montanum,,L. ,species
712,Epilobium,parviflorum,,Schreb. ,species
712,Epilobium,roseum,,Schreb. ,species
712,Epilobium,spicatum,,Lam. ,species
712,Epilobium,tetragonum,,L. ,species
712,Epilobium,tomentosum,,Vent. ,species
712,Epilobium,toumefortii,,Michalet ,species
713,Equisetum,,,,genus
713,Equisetum,maximum,,Auct. ,species
713,Equisetum,telmateia,,Ehrh. ,species
713,Eragrostis,,,,genus
713,Eragrostis,collina,,Trin. ,species
713,Eragrostis,minor,,Host ,species
713,Eragrostis,poaeoides,,P. Beauv. ,species
713,Eragrostis,tatarica,,(Fisch.) Henr. ,species
713,Eremosporum,,,,genus
713,Eremosporum,olivieri,,Spach ,species
713,Erianthus,,,,genus
713,Erianthus,hostii,,Griseb. ,species
713,Erianthus,ravennae,,(L.) Beauv. ,species
713,Eriocarpaea,,,,genus
713,Eriocarpaea,pinnata,,Bertol. ,species
713,Eriolobus,,,,genus
713,Eriolobus,trilobatus,,(Lam.) Roem. ,species
713,Erodium,,,,genus
713,Erodium,acaule,,(L.) Becherer et Thell. ,species
713,Erodium,amanum,,Boiss. et Ky ,species
713,Erodium,botrys,,(Cav.) Bertol. ,species
713,Erodium,bryoniifolium,,Boiss. ,species
713,Erodium,ciconium,,(L.) L'Hér. ,species
713,Erodium,cicutarium,,(L.) L'Hér. ,species
713,Erodium,gaillardotii,,Boiss. ,species
713,Erodium,glaucophyllum,,(L.) L'Hér. ,species
713,Erodium,gruinum,,(L.) L'Hér. ,species
713,Erodium,hirtum,,(Forssk.) Wffld. ,species
713,Erodium,laciniatum,,(Cav.) Willd. ,species
713,Erodium,malacoides,,(.) Willd. ,species
713,Erodium,moschatum,,(Burm. fil.) L'Hér. ,species
713,Erodium,oxyrrhynchum,,Boiss. ,species
713,Erodium,pulverulmtum,,(Cav.) L'Hér. ,species
713,Erodium,romanum,,(Burm. fil.) L'Hér. ,species
713,Erodium,subtrilobum,,Jord. ,species
713,Erodium,trichomanifolium,,L'Hér. ,species
713,Erophila,,,,genus
713,Erophila,gilgiana,,(Musehl.) O.E. Schulz ,species
713,Erophila,minima,,C.A. Mey. ,species
713,Erophila,praecox,,(Stev.) DJÙ. ,species
713,Erophila,setulosa,,Boiss. et Bal. ,species
713,Erophila,verna,,(L.) E. Meyţer ,species
713,Erophila,vulgaris,,D.C. ,species
713,Eruca,,,,genus
713,Eruca,cappadocica,,Reut. ,species
713,Eruca,sativa,,Mill. ,species
713,Eruca,vesicaria,,(L.) Cav. ,species
713,Erucaria,,,,genus
713,Erucaria,aleppiea,,Gaertn. ,species
713,Erucaria,bornmuelleri,,O.E.Sch. ,species
713,Erucaria,boveana,,Coss. ,species
713,Erucaria,cakiloides,,(D.C.) O.E. Schulz ,species
713,Erucaria,hamrinensis,,Bornm. ,species
713,Erucaria,hispanica,,(L.) Druce ,species
713,Ervum,,,,genus
713,Ervum,ervilia,,L. ,species
713,Ervum,ervoides,,(Brign.) Hayek ,species
713,Ervum,hirsutum,,L. ,species
713,Ervum,lens,,L. ,species
713,Ervum,lenticula,,Schreb. ,species
713,Ervum,nigricans,,M. Bieb. ,species
713,Ervum,orientale,,Boiss. ,species
713,Ervum,pubescens,,D.C. ,species
713,Ervum,tenuissimum,,M. Bieb. ,species
713,Eryngium,,,,genus
713,Eryngium,barrelieri,,Boiss. ,species
713,Eryngium,billardieri,,Laroche ,species
713,Eryngium,bithynicum,,Boiss. ,species
713,Eryngium,campestre,,L. ,species
713,Eryngium,creticum,,Lam. ,species
713,Eryngium,desertorum,,Zoh. ,species
713,Eryngium,falcatum,,Laroche ,species
713,Eryngium,glomeratum,,Lam. ,species
713,Eryngium,heldreichii,,Boiss. ,species
713,Eryngium,maritimum,,L. ,species
713,Eryngium,pusillum,,Desf. ,species
713,Eryngium,pyramidale,,Boiss. et Hausskn. ,species
713,Erysimum,,,,genus
713,Erysimum,bicorne,,Ait. ,species
713,Erysimum,blancheanum,,Boiss. ,species
713,Erysimum,crassipes,,CA. Mey. ,species
713,Erysimum,goniocaulon,,Boiss. ,species
713,Erysimum,hamosum,,Blanche ,species
713,Erysimum,hirschfeldioides,,"Bois, et Hskn. ",species
713,Erysimum,libanoticum,,Post ,species
713,Erysimum,officinale,,L. ,species
713,Erysimum,oleifoliumj.,,Gay ,species
713,Erysimum,purpureum,,Auch. ,species
713,Erysimum,repandum,,L. ,species
713,Erysimum,rigidum,,D.C. ,species
713,Erysimum,scabrurri,,D.C. ,species
713,Erysimum,şmyrnaeum,,D.C. ,species
713,Erysimum,tenellum,,D.C. ,species
713,Erysimum,verrucosum,,Boiss. et Gaill. ,species
713,Euclidium,,,,genus
713,Euclidium,syriacum,,(L.) R. Br. ,species
713,Eunomia,,,,genus
713,Eunomia,oppositifolia,,(Lab.) D.C. ,species
713,Euonymus,,,,genus
713,Euonymus,latifolius,,Scop. ,species
713,Euphorbia,,,,genus
713,Euphorbia,aleppiea,,L. ,species
713,Euphorbia,altissima,,Boiss. ,species
713,Euphorbia,antilibanotica,,Moût. ,species
713,Euphorbia,apios,,L. ,species
713,Euphorbia,arguta,,Banks et Sol. ,species
713,Euphorbia,aulacosperma,,Boiss. ,species
713,Euphorbia,berythea,,Boiss. et Bl. ,species
713,Euphorbia,biglandulosa,,Desf. ,species
713,Euphorbia,cassia,,Boiss. ,species
713,Euphorbia,caudiculosa,,Boiss. ,species
713,Euphorbia,chaborasica,,Gombault ,species
713,Euphorbia,chamaepeplus,,Boiss. et Gaill. ,species
713,Euphorbia,chamaesyce,,L. ,species
714,Euphorbia,cheiradenia,,Boiss. et Hoh. ,species
714,Euphorbia,chesneyi,,(Kl. et Garcke) Khan ,species
714,Euphorbia,cornuta,,"Pers, ",species
714,Euphorbia,cybirensis,,Boiss. ,species
714,Euphorbia,dendroides,,L. ,species
714,Euphorbia,densa,,Schrenk ,species
714,Euphorbia,erinacea,,Boiss. et Ky ,species
714,Euphorbia,eriophora,,Boiss. ,species
714,Euphorbia,exigua,,L. ,species
714,Euphorbia,falcata,,L. ,species
714,Euphorbia,fistulosa,,M.S. Khan ,species
714,Euphorbia,gaillardotii,,Boiss. et Ky ,species
714,Euphorbia,geniculata,,Ortega ,species
714,Euphorbia,granulata,,Forssk. ,species
714,Euphorbia,guestii,,,species
714,Euphorbia,haussknechtii,,Boiss. et D.C. ,species
714,Euphorbia,helioscopia,,L. ,species
714,Euphorbia,herniariifolia,,Willd. ,species
714,Euphorbia,hirta,,L. ,species
714,Euphorbia,isthmia,,Tack. ,species
714,Euphorbia,kahirensis,,Raeusch ,species
714,Euphorbia,kotschyana,,Fenzl ,species
714,Euphorbia,lanata,,Siehe ,species
714,Euphorbia,louisii,,Thiéb. ,species
714,Euphorbia,macroclada,,Boiss. ,species
714,Euphorbia,macrostegia,,Boiss. ,species
714,Euphorbia,mesopotamica,,M.S. Khan ,species
714,Euphorbia,microsphaera,,Boiss. ,species
714,Euphorbia,oxyodonta,,Boiss et Hausskn. ,species
714,Euphorbia,palmyrena,,Mout. ,species
714,Euphorbia,paralias,,L. ,species
714,Euphorbia,peplis,,L. ,species
714,Euphorbia,peploides,,Gouan ,species
714,Euphorbia,peplus,,L. ,species
714,Euphorbia,petiolata,,Banks et Sol. ,species
714,Euphorbia,petrophila,,C.A. Mey. ,species
714,Euphorbia,phymatosperma,,Boiss. et Gaill. ,species
714,Euphorbia,physocaulos,,Mout. ,species
714,Euphorbia,pilulifera,,L. ,species
714,Euphorbia,postii,,Boiss. ,species
714,Euphorbia,promecocarpa,,Davis ,species
714,Euphorbia,prunifolia,,Jacqu. ,species
714,Euphorbia,pubescens,,Vahl ,species
714,Euphorbia,pusillima,,,species
714,Euphorbia,retuşa,,Forssk. ,species
714,Euphorbia,reuteriana,,Boiss. ,species
714,Euphorbia,szovitsii,,Fisch. et Mey. ,species
714,Euphorbia,terracina,,L. ,species
714,Euphorbia,thamnoides,,Boiss. ,species
714,Euphorbia,tinctoria,,Boiss. ,species
714,Euphorbia,verrucosa,,L. ,species
714,Exoacantha,,,,genus
714,Exoacantha,heterophylla,,Lab. ,species
714,Factorovskya,,,,genus
714,Factorovskya,aschersoniana,,(Urban) Eig ,species
714,Fagonia,,,,genus
714,Fagonia,bruguieri,,D.C. ,species
714,Fagonia,olivieri,,D.C ,species
714,Falcaria,,,,genus
714,Falcaria,rivinii,,Host ,species
714,Falcaria,vulgaris,,Bernh. ,species
714,Farsetia,,,,genus
714,Farsetia,aegyptiaca,,Turra ,species
714,Farsetia,cheiranthoides,,R. Br. ,species
714,Farsetia,clypeata,,(L.) R. Br. ,species
714,Farsetia,eriocarpa,,D.C. ,species
714,Ferula,,,,genus
714,Ferula,armandii,,Mout. ,species
714,Ferula,barbeyi,,Post ,species
714,Ferula,bilasi,,Post ,species
714,Ferula,biverticillata,,Thiéb. ,species
714,Ferula,blanchei,,Boiss. ,species
714,Ferula,cassii,,Zoh. et Davis ,species
714,Ferula,communis,,L. ,species
714,Ferula,hermonis,,Boiss. ,species
714,Ferula,hispida,,Friv. ,species
714,Ferula,meifolia,,(Fenzl) Boiss. ,species
714,Ferula,orbicularis,,Post et Beauv. ,species
714,Ferula,palmyrensis,,Post et Beauv. ,species
714,Ferula,scabra,,Fenzl ,species
714,Ferula,tingitana,,L. ,species
714,Ferulago,,,,genus
714,Ferulago,amani,,Post ,species
714,Ferulago,auranitica,,Post ,species
714,Ferulago,autumnalis,,Thiéb. ,species
714,Ferulago,cassia,,Boiss. ,species
714,Ferulago,frigida,,Boiss. ,species
714,Ferulago,macrocarpa,,(Fenzl) Boiss. ,species
714,Ferulago,pauciradiata,,Boiss. et Heldr. ,species
714,Ferulago,syriaca,,Boiss. ,species
714,Fibigia,,,,genus
714,Fibigia,clypeata,,(L.) Medik. ,species
714,Fibigia,eriocarpa,,(D.C.) Boiss. ,species
714,Fibigia,heterophylla,,Rech. fil. ,species
714,Fibigia,obovata,,Boiss. ,species
714,Fibigia,rostrata,,(Schenk) Boiss. ,species
714,Ficaria,,,,genus
714,Ficaria,ficarioides,,(Bory et Chaub.) ,species
714,Ficaria,grandiflora,,Robert ,species
714,Figaraea,,,,genus
714,Figaraea,aegyptiaca,,Viv. ,species
714,Foeniculum,,,,genus
714,Foeniculum,capillaceum,,Gilib. ,species
714,Foeniculum,officinale,,All. ,species
714,Foeniculum,piperitum,,(Ucria) Sweet ,species
714,Foeniculum,vulgare,,Mill. ,species
714,Fragaria,,,,genus
714,Fragaria,vesca,,L. ,species
714,Frangula,,,,genus
714,Frangula,alnus,,Mill. ,species
715,Frankenia,,,,genus
715,Frankenia,hirsuta,,L.C. ,species
715,Frankenia,hispida,,D.C. ,species
715,Frankenia,intermedia,,D.C. ,species
715,Frankenia,pulverulenta,,L. ,species
715,Fumana,,,,genus
715,Fumana,arabica,,(L.) Spach ,species
715,Fumana,ericoides,,Auct. ,species
715,Fumana,glutinosa,,(L.) Boiss. ,species
715,Fumana,oligosperma,,Boiss. et Ky ,species
715,Fumana,procumbens,,Dunal ,species
715,Fumana,scoparia,,Pomel ,species
715,Fumana,spachii,,Boiss. ,species
715,Fumana,thymifolia,,(L.) Spach ,species
715,Fumana,viscida,,Spach ,species
715,Fumăria,,,,genus
715,Fumăria,agraria,,Lagr. ,species
715,Fumăria,anatolica,,Boiss. ,species
715,Fumăria,asepala,,Boiss. ,species
715,Fumăria,bulbosa,,L. ,species
715,Fumăria,capreolata,,L. ,species
715,Fumăria,cilicica,,Hausskn. ,species
715,Fumăria,densiflora,,D.G. ,species
715,Fumăria,gaillardotii,,Boiss. ,species
715,Fumăria,judaica,,Boiss. ,species
715,Fumăria,kralikii,,Jord. ,species
715,Fumăria,macrocarpa,,Pari. ,species
715,Fumăria,micrantha,,Lagr. ,species
715,Fumăria,officinalis,,L. ,species
715,Fumăria,parviflora,,Lam. ,species
715,Fumăria,petteri,,Reichenb. ,species
715,Fumăria,rutifolia,,(Sibth. et Smith) D.C. ,species
715,Fumăria,thuretii,,Boiss. ,species
715,Fumăria,vaillantii,,Lois. ,species
715,Gagea,,,,genus
715,Gagea,anisanthos,,C. Koch ,species
715,Gagea,dayana,,Chodat et Beauv. ,species
715,Gagea,fistulosa,,(Ram.) Ker-t awl ,species
715,Galega,,,,genus
715,Galega,assyriaca,,Moût. ,species
715,Galega,officinalis,,L. ,species
715,Gamosepalum,,,,genus
715,Gamosepalum,alyssoides,,Hausskn. ,species
715,Garidella,,,,genus
715,Garidella,unguicularis,,Lam. ,species
715,Genista,,,,genus
715,Genista,acanthoclada,,D.C. ,species
715,Genista,albida,,Willd. ,species
715,Genista,anatolica,,Boiss. ,species
715,Genista,cassia,,Boiss. ,species
715,,pestalozzae,,Boiss. ,species
715,,raetum,,Forssk. ,species
715,,sphacelata,,Decne ,species
715,Geranium,,,,genus
715,Geranium,acaule,,L. ,species
715,Geranium,asphodeloides,,Burm. f. ,species
715,Geranium,botrys,,Cav. ,species
715,Geranium,ciconium,,L. ,species
715,Geranium,cicutarium,,L. ,species
715,Geranium,cinéreum,,Cav. ,species
715,Geranium,columbinum,,L. ,species
715,Geranium,crenophilum,,Boiss. ,species
715,Geranium,dissectum,,L. ,species
715,Geranium,glaucopkyllum,,L. ,species
715,Geranium,gruinum,,L. ,species
715,Geranium,hirtum,,Forssk. ,species
715,Geranium,laciniaium,,Cav. ,species
715,Geranium,libani,,P.H. Davis ,species
715,Geranium,libanoticum,,Schenk ,species
715,Geranium,libanoticum,,Boiss. ,species
715,Geranium,lucidum,,L. ,species
715,Geranium,malacoides,,L. ,species
715,Geranium,molle,,L. ,species
715,Geranium,moschatum,,Burm. f. ,species
715,Geranium,pallens,,M. Bieb. ,species
715,Geranium,purpureum,,Vill. ,species
715,Geranium,pusillum,,L. ,species
715,Geranium,pyrenaicum,,Burm. fil. ,species
715,Geranium,rôbertianum,,L. ,species
715,Geranium,romanum,,Burm. fil. ,species
715,Geranium,rotundifolium,,L. ,species
715,Geranium,subcaulescens,,L'Hér. ,species
715,Geranium,tuberosum,,L. ,species
715,Geum,,,,genus
715,Geum,heterocarpum,,Boiss. ,species
715,Geum,urbanum,,L. ,species
715,Gladiolus,,,,genus
715,Gladiolus,imbricatus,,L. ,species
715,Glastaria,,,,genus
715,Glastaria,deflexa,,Boiss. ,species
715,Glaucium,,,,genus
715,Glaucium,aleppicum,,Boiss. et Hausskn. ,species
715,Glaucium,corniculatum,,(L.) Curt. ,species
715,Glaucium,flavum,,Crantz ,species
715,Glaucium,grandiflorum,,Boiss. et Huet ,species
715,Glaucium,leiocarpum,,Boiss. ,species
715,Glaucium,luteum,,Scop. ,species
715,Glycyrrhiza,,,,genus
715,Glycyrrhiza,asperrima,,L. f. ,species
715,Glycyrrhiza,echinata,,L. ,species
715,Glycyrrhiza,flavescens,,Boiss. ,species
715,Glycyrrhiza,glabra,,L. ,species
715,Glycyrrhiza,glandulifera,,Waldst. et Kit. ,species
715,Glycyrrhiza,violacea,,Boiss. ,species
715,Glycyrrhizopsis,,,,genus
715,Glycyrrhizopsis,flavescens,,(Boiss.) Boiss. et Bal. ,species
716,Goebelia,,,,genus
716,Goebelia,alopecuroides,,(L.) Boiss. ,species
716,Gonocytisus,,,,genus
716,Gonocytisus,pterocladus,,Boiss. ,species
716,Gymnogramtna,,,,genus
716,Gymnogramtna,leptophylla,,(L.) Desv. ,species
716,Halimium,,,,genus
716,Halimium,umbellatum,,(L.) Spach ,species
716,Haloxylon,,,,genus
716,Haloxylon,articulatum,,(Cav.) Bge ,species
716,Haloxylon,elegans,,Bge ,species
716,Haloxylon,ramosissimum,,(Boiss.) Benth. et Hook. ,species
716,Haloxylon,salicornicum,,(Moqu.) Bge ,species
716,Hammada,,,,genus
716,Hammada,eigii,,Iljin ,species
716,Hammada,elegans,,(Bge) Iljin ,species
716,Hammada,salicornica,,"(Moq.) Iljin"" ",species
716,Hammada,syriaca,,Botsch. ,species
716,Hammatolobium,,,,genus
716,Hammatolobium,lotoides,,Fenzl ,species
716,Haplophyllum,,,,genus
716,Haplophyllum,armenum,,Spach ,species
716,Haplophyllum,blanchei,,Boiss. ,species
716,Haplophyllum,bourgaei,,Boiss. ,species
716,Haplophyllum,buxbaumii,,Poir. ,species
716,Haplophyllum,candolleanum,,Boiss. ,species
716,Haplophyllum,chaborasium,,Boiss. et Hausskn. ,species
716,Haplophyllum,cilicicum,,Boiss. ,species
716,Haplophyllum,deserti,,Post et Beauv. ,species
716,Haplophyllum,filifolium,,Spach ,species
716,Haplophyllum,fruticulosum,,(Lab.) Boiss. ,species
716,Haplophyllum,glabrum,,(D.C.) Hand.-Mazz. ,species
716,Haplophyllum,haussknechtii,,Boiss. ,species
716,Haplophyllum,mesopotamicum,,Boiss. ,species
716,Haplophyllum,propinquum,,Spach ,species
716,Haplophyllum,rubellulum,,Thiéb. et Gomb. ,species
716,Haplophyllum,suaveolens,,(D.C.) G- Don. ,species
716,Haplophyllum,sylvaticum,,Boiss. ,species
716,Haplophyllum,tuberculosum,,(Forssk.) A. Juss. ,species
716,Haplophyllum,villosulum,,Boiss. et Hausskn. ,species
716,Hasselquistia,,,,genus
716,Hasselquistia,aegyptiaca,,L. ,species
716,Hedera,,,,genus
716,Hedera,helix,,L. ,species
716,Hedysarum,,,,genus
716,Hedysarum,atomarium,,Boiss. ,species
716,Hedysarum,capitatum,,Desf. ,species
716,Hedysarum,coelesyriacum,,Sam. ,species
716,Hedysarum,cornutum,,h. ,species
716,Hedysarum,coroharium,,L. ,species
716,Hedysarum,kotschyi,,Boiss. ,species
716,Hedysarum,pollens,,(Moris) Halacsy' ,species
716,Hedysarum,pannosum,,Boiss. ,species
716,Hedysarum,pseudalkagi,,(Bieb.) Desv. ,species
716,Hedysarum,spinosissimum,,L. ,species
716,Hedysarum,supinum,,Chaix ,species
716,Heldreichia,,,,genus
716,Heldreichia,bupleurifolia,,Boiss. ,species
716,Helianthemum,,,,genus
716,Helianthemum,aegyptiacum,,(L.) Mill. ,species
716,Helianthemum,campylopus,,Sam. ,species
716,Helianthemum,chamaecistus,,Auct. ,species
716,Helianthemum,ellipticum,,(Desf.) Pers. ,species
716,Helianthemum,guttatum,,(L.) Boiss. ,species
716,Helianthemum,kahiricum,,Del. ,species
716,Helianthemum,kotschyanum,,Boiss. ,species
716,Helianthemum,lasiocarpum,,Willk. ,species
716,Helianthemum,lavandulifolium,,Lam. ,species
716,Helianthemum,ledifolium,,(L.) Mill. ,species
716,Helianthemum,lippii,,(L.) Dum.-Cours. ,species
716,Helianthemum,niloticum,,(L.) Moench ,species
716,Helianthemum,nummularium,,(L.) Mill. ,species
716,Helianthemum,procumbens,,Dunal ,species
716,Helianthemum,racemosum,,(L.) Pau ,species
716,Helianthemum,salicifolium,,(L.) Mill ,species
716,Helianthemum,syriaeum,,Boiss/ ,species
716,Helianthemum,tomentosum,,Scop. ,species
716,Helianthemum,umbellatum,,(L.) Mill. ,species
716,Helianthemum,vesicarium,,Boiss. ,species
716,Helianthemum,viride,,Ten. ,species
716,Helianthemum,vulgare,,Gaertn. ,species
716,Helleborus,,,,genus
716,Helleborus,vesicarius,,Auch. ,species
716,Helosciadium,,,,genus
716,Helosciadium,nodiflorum,,C. Koch ,species
716,Henrardia,,,,genus
716,Henrardia,persica,,(Boiss.) C. Hubb. ,species
716,Henrardia,pubescens,,(Bertol.) C. Hubb. ,species
716,Heptaptera,,,,genus
716,Heptaptera,alata,,(Boiss.) Tutin ,species
716,Heptaptera,anisoptera,,(Boiss.) Tutin ,species
716,Heptaptera,crenata,,(Fenzl) Tutin ,species
716,Heptaptera,microcarpa,,(Boiss.) Tutin ,species
716,Heracleum,,,,genus
716,Heracleum,absinthifolium,,Vent. ,species
716,Heracleum,carmeli,,Labili. ,species
716,Heracleum,humile,,Sibth. et Smith ,species
716,Hesperis,,,,genus
716,Hesperis,africana,,L. ,species
716,Hesperis,Ma,,L. ,species
716,Hesperis,crenulata,,D.C. ,species
716,Hesperis,elata,,Hornem. ,species
716,Hesperis,kotschyana,,Fenzl ,species
716,Hesperis,matronalis,,L. ,species
716,Hesperis,pendula,,D.C. ,species
716,Hesperis,pulchella,,D.D. ,species
716,Hesperis,pulmonarioides,,Boiss. ,species
716,Hesperis,venta,,L. ,species
716,Hesperis,violacea,,Boiss. ,species
717,Hibiscus,,,,genus
717,Himantoglossum,,,,genus
717,Hippocrepis,,,,genus
717,Hippomarathrum,,,,genus
717,Hirschfeldia,,,,genus
717,Hprdeum,,,,genus
717,Hprdeum,gussoneanum,,Pari. ,species
717,Hornungia,,,,genus
717,Hornungia,procumberti,,(L.) Hayek ,species
717,Hutchinsia,,,,genus
717,Hutchinsia,procumbens,,(L.) Desv. ,species
717,Hydrocotyle,,,,genus
717,Hydrocotyle,natans,,Cyr. ,species
717,Hydrocotyle,ranunculoides,,L. fil. ,species
717,Hymenocarpus,,,,genus
717,Hymenocarpus,circinnatus,,(L.) Savi ,species
717,Hymenocarpus,nummularius,,'(D.C.) G. Don. ,species
717,Hymenolobus,,,,genus
717,Hymenolobus,procumbens,,(L.) Nutt. ,species
717,Hypecoum,,,,genus
717,Hypecoum,grandiflorum,,Benth. ,species
717,Hypecoum,imberbe,,Sibth. et Smith ,species
717,Hypecoum,pendulum,,L. ,species
717,Hypecoum,procumbens,,L. ,species
717,Hypericum,,,,genus
717,Hypericum,acutum,,MoencnV ,species
717,Hypericum,adenocarpum,,MiroX^^ ,species
717,Hypericum,adenocladum,,Boiss. ,species
717,Hypericum,alternifolium,,Labili. ,species
717,Hypericum,amanum,,Boiss. ,species
717,Hypericum,amblyosepalum,,Hochstt. ,species
717,Hypericum,capitatum,,Choisy ,species
717,Hypericum,cardiophyllum,,Boiss. ,species
717,Hypericum,cassium,,Boiss. ,species
717,Hypericum,confertum,,Choisy ,species
717,Hypericum,crispum,,L. ,species
717,Hypericum,"cuneatum,",,Poir. ,species
717,Hypericum,fieldianum,,Rech. ,species
717,Hypericum,gracile,,Boiss. ,species
717,Hypericum,helianthemoides,,Spach ,species
717,Hypericum,hircinum,,L. ,species
717,Hypericum,hyssopifolium,,Chaix ,species
717,Hypericum,laeve,,Boiss. ,species
717,Hypericum,lanuginosum,,Lam. ,species
717,Hypericum,libanoticum,,N. Robson ,species
717,Hypericum,lorentii,,Hochst. ,species
717,Hypericum,lydium,,Boiss. ,species
717,Hypericum,montbretii,,Spach ,species
717,Hypericum,nanum,,Poir. ,species
717,Hypericum,olivieri,,(Spach) Boiss. ,species
717,Hypericum,olympicum,,L. ,species
717,Hypericum,origanifolium,,Willd. ,species
717,Hypericum,pallens,,Banks et Sol. ,species
717,Hypericum,perforatum,,L. ,species
717,Hypericum,praedonum,,Hand.-Mazz. ,species
717,Hypericum,quadrangulum,,L. ,species
717,Hypericum,retusum,,Auch. ,species
717,Hypericum,rubrum,,Hochstt. ,species
717,Hypericum,russeggeri,,(Fenzl) R.- Keller ,species
717,Hypericum,scabrum,,L. ,species
717,Hypericum,serpyllifolium,,Lam. ,species
717,Hypericum,tetrapterum,,Fries ,species
717,Hypericum,thymifolium,,Banks et Sol. ,species
717,Hypericum,triquetrifolium,,Turra ,species
717,Hypericum,venustum,,Fenzl ,species
717,Hypoxis,,,,genus
717,Hypoxis,fascicularis,,L. ,species
717,Iberis,,,,genus
717,Iberis,acutiloba,,Bertol. ,species
717,Iberis,odorata,,L. ,species
717,Iberis,sempervirens,,L. ,species
717,Iberis,taurica,,D.C. ,species
717,Hex,,,,genus
717,Hex,aquifolium,,L. ,species
717,Hex,colchica,,Poj. ,species
717,Iriscălcarea,,,Dinsm. ,genus
717,Iriscălcarea,nusairiensis,,"Moût, ",species
717,Iriscălcarea,sofarana,,Foster ,species
717,Isatis,,,,genus
717,Isatis,aleppica,,Scop. ,species
717,Isatis,cappadocica,,Desv. ,species
717,Isatis,glauca,,Auch. ,species
717,Isatis,latisiliqua,,Boiss. ,species
717,Isatis,lusitanica,,L. ,species
717,Isatis,microcarpaj.,,Gay ,species
717,Isatis,subradiata,,Rupr. ,species
717,Isatis,tinctpria,,L. ,species
717,Isnardia,,,,genus
717,Isnardia,palustris,,L. ,species
717,Johrenia,,,,genus
717,Johrenia,aurea,,Boiss. et Bal. ,species
717,Johrenia,dichotoma,,D.C. ,species
717,Johrenia,fungosa,,Boiss. ,species
717,Johrenia,juncea,,Boiss. ,species
718,Johrenia,porten,,Post ,species
718,Johrenia,tordylium,,Fenzl ,species
718,Johrenia,westii,,Post ,species
718,Juncus,,,,genus
718,Juncus,aràbicus,,(Asch. et Schw.) Adams ,species
718,Juncus,maritimus,,Lam. ,species
718,Jussiaea-,,,,genus
718,Jussiaea-,repens,,L. ,species
718,Jussiaea-,stolonifera,,Guill. et Perr. ,species
718,Keramocarpus,,,,genus
718,Keramocarpus,tordylium,,Fenzl ,species
718,Kitaibelia,,,,genus
718,Kitaibelia,balansae,,Boiss. ,species
718,Koeleria,,,,genus
718,Koeleria,phleoides,,(Vili.) Pers. ,species
718,Kohlrauschia,,,,genus
718,Kohlrauschia,velutina,,(Guss.) Reichenb. ,species
718,Koniga,,,,genus
718,Koniga,maritima,,(L.) R. Br. ,species
718,Krubera,,,,genus
718,Krubera,peregrina,,(L.) Boiss. ,species
718,Lagoecia,,,,genus
718,Lagoecia,cumihoides,,L. ,species
718,Lagonychium,,,,genus
718,Lagonychium,farctum,,(Banks et Sol.) Bobr. ,species
718,Laser,,,,genus
718,Laser,trilobum,,(L.) Borkh. ,species
718,Laserpitium,,,,genus
718,Laserpitium,glaucum,,Post ,species
718,Laserpitium,trilobum,,L. ,species
718,Lathyrus,,,,genus
718,Lathyrus,amoenus,,Fenzl ,species
718,Lathyrus,annuus,,L. ,species
718,Lathyrus,aphaca,,L. ,species
718,Lathyrus,basalticus,,Rech. fil. ,species
718,Lathyrus,blepharicarpus,,Boiss. ,species
718,Lathyrus,cassius,,Boiss. ,species
718,Lathyrus,chrysanthus,,Boiss. ,species
718,Lathyrus,cicera,,L. ,species
718,Lathyrus,ciliatus,,Guss. ,species
718,Lathyrus,ciliolatus,,Sam. ,species
718,Lathyrus,clymenum,,L. ,species
718,Lathyrus,digitatus,,(Bieb.) Fîori ,species
718,Lathyrus,elongatus,,(Bornm.) Sirj. ,species
718,Lathyrus,erectus,,Lagr. ,species
718,Lathyrus,gleosperma,,Warb. et Eig ,species
718,Lathyrus,gorgonii,,Pari. ,species
718,Lathyrus,grandiflorus,,Sibth. et Smith ,species
718,Lathyrus,hierosolymitanus,,Boiss. ,species
718,Lathyrus,hirsutus,,L. ,species
718,Lathyrus,hispidulus,,Boiss. ,species
718,Lathyrus,inconspicuus,,L. ,species
718,Lathyrus,inermis,,Rochel ,species
718,Lathyrus,laxiflorus,,(Desf.) O. Kuntze ,species
718,Lathyrus,libani,,Fritsch ,species
718,Lathyrus,marmoratus,,Boiss. et Bl. ,species
718,Lathyrus,niger,,(L.) Bernh. ,species
718,Lathyrus,nissolia,,L. ,species
718,Lathyrus,ochrus,,L. ,species
718,Lathyrus,polyanthus,,Boiss. et Bl. ,species
718,Lathyrus,pratensis,,,species
718,Lathyrus,pseudocicera,,Pampanini ,species
718,Lathyrus,pygmaeus,,Gombault ,species
718,Lathyrus,sativus,,L. ,species
718,Lathyrus,saxatilis,,(Vent.) Vis. ,species
718,Lathyrus,sessilifolius,,(Sibth. et Sm.) Ten. ,species
718,Lathyrus,setifolius,,L. ,species
718,Lathyrus,sphaericus,,"Retz, ",species
718,Lathyrus,stenolobus,,Boiss. ,species
718,Lathyrus,stenophyllus,,Boiss. et Heldr. ,species
718,Lathyrus,variabilis,,(Boiss. et Ky) Maly ,species
718,Lathyrus,vinealis,,Boiss. et Noe ,species
718,Laurocerasus,,,,genus
718,Laurocerasus,officinalis,,Roem. ,species
718,Laurus,,,,genus
718,Laurus,nobilis,,L. ,species
718,Lavatera,,,,genus
718,Lavatera,eretica,,L. ,species
718,Lavatera,punctata,,AU. ,species
718,Lavatera,trimes,,tris L. ,species
718,Lecoquia,,,,genus
718,Lecoquia,eretica,,(Lam.) D.C. ,species
718,Lens,,,,genus
718,Lens,culinaris,,Medik. ,species
718,Lens,esculenţa,,Moench ,species
718,Lens,lenticula,,(Schreb.) Alef. ,species
718,Lens,nigricdns,,(Bieb.) Godr. ,species
718,Lens,orientalis,,(Boiss.) Hand.-Mazz. ,species
718,Leontice,,,,genus
718,Leontice,chrysogonum,,L. ,species
718,Leontice,leontopetalum,,L. ,species
718,Leontice,minor,,Boiss. ,species
718,Lepidium,,,,genus
718,Lepidium,aucheri,,Boiss. ,species
718,Lepidium,chalepense,,"L"". ",species
718,Lepidium,cornutum,,Sibth. et Smith ,species
718,Lepidium,crassifolium,,Waldst. et Kit. ,species
718,Lepidium,culminicolum,,Moût. ,species
718,Lepidium,draba,,L. ,species
718,Lepidium,graminifolium,,L. ,species
718,Lepidium,hirtum,,(L.) Smith ,species
718,Lepidium,latifolium,,L. ,species
718,Lepidium,nebrodense,,(Raf.) Guss. ,species
718,Lepidium,nudicaule,,L. ,species
718,Lepidium,oppositifolium,,Labili. ,species
718,Lepidium,oxyotum,,D.C ,species
718,Lepidium,perfoliatum,,L. ,species
719,Lepidium,procumbens,,L. ,species
719,Lepidium,sativum,,L. ,species
719,Lepidium,spinescens,,D.C. ,species
719,Lepidium,spinosum,,Ard. ,species
719,Lepidium,squamatum,,Forssk. ,species
719,Lepidium,virginicum,,L. ,species
719,Lepidotis,,,,genus
719,Lepidotis,cernua,,(L.)Beauv. ,species
719,Leptaleum,,,,genus
719,Leptaleum,filifôlium,,(Willd.) D.C. ,species
719,Leptaleum,pygmaeum,,D.C. ,species
719,Lepturus,,,,genus
719,Lepturus,pubescens,,(Bçrtol.) Boiss. ,species
719,Ligusticum,,,,genus
719,Ligusticum,çomubiense,,Torn. ,species
719,Linum,,,,genus
719,Linum,album,,Ky ,species
719,Linum,angustifolium,,Huds. ,species
719,Linum,aroanium,,Boiss. et Orph. ,species
719,Linum,balansae,,Boiss. ,species
719,Linum,bienne,,Mill. ,species
719,Linum,bursa-pastoris,,Gomb. ,species
719,Linum,carnosulum,,Boiss.. ,species
719,Linum,cassium,,Rech. ,species
719,Linum,chaborasicum,,Moût. ,species
719,Linum,corymbulosum(Planch.)Reichenb.,,,species
719,Linum,gallicum,,L. ,species
719,Linum,humile,,Mill. ,species
719,Linum,libumicum,,Scop. ,species
719,Linum,mucronatum,,Bertol. ,species
719,Linum,nodiflorum,,L. ,species
719,Linum,orientale,,Boiss. ,species
719,Linum,peyronii,,Post ,species
719,Linum,pubescens,,Banks et Sol. ,species
719,Linum,radiola,,L. ,species
719,Linum,rigidissimum,,Post ,species
719,Linum,strictum,,L. ,species
719,Linum,sulphureurn,,Boiss. et Hausskn. ,species
719,Linum,syriacum,,Boiss. ,species
719,Linum,tenuifolium,,,species
719,Linum,toxicum,,Boiss. ,species
719,Linum,trigynum,,L. ,species
719,Linum,usitatissimum,,L. ,species
719,Lisaea,,,,genus
719,Lisaea,strigosa,,(Banks et Sol.) Eig ,species
719,Lisaea,syriaca,,Boiss. ,species
719,Lobularia,,,,genus
719,Lobularia,maritima,,(L.) Desv. ,species
719,Lophochloa,,,,genus
719,Lophochloa,berythea,,(Boiss. et Bl.) Bor ,species
719,Lophochloa,obtusiflora,,(Boiss.) Gontsch. ,species
719,Lophochloa,phleoides,,(Vill.) Reichb. ,species
719,Lophochloa,pumila,,(Desf.) Bor ,species
719,Lotus,,,,genus
719,Lotus,angustissimus,,L. ,species
719,Lotus,carmeli,,Boiss. ,species
719,Lotus,coimbricensis,,Brot. ,species
719,Lotus,corniculatus,,L. ,species
719,Lotus,creticus,,L. ,species
719,Lotus,cytisoides,,L. ,species
719,Lotus,edulis,,L. ,species
719,Lotus,gebelia,,Vent. ,species
719,Lotus,kirsutus,,L. ,species
719,Lotus,judaicus,,Boiss. ex Bornm. ,species
719,Lotus,lamprocarpus,,Boiss. ,species
719,Lotus,lahuginosus,,Vent. ,species
719,Lotus,libanoticus,,Boiss. ,species
719,Lotus,ornithopodioides,,L. ,species
719,Lotus,palaestinus,,(Boiss.) Bornm. ,species
719,Lotus,palustris,,Willd. ,species
719,Lotus,parviflorus,,Desf. ,species
719,Lotus,peregrinus,,L. ,species
719,Lotus,pusillus,,Medik. ,species
719,Lotus,redus,,L. ,species
719,Lotus,tenuifolius,,(L.) Reichenb. ,species
719,Lotus,tenuis,,Waldst. et Kit. ,species
719,Lotus,villosus,,Forssk. ,species
719,Ludwigia,,,,genus
719,Ludwigia,diffusa,,(Forssk.) Greene ,species
719,Ludwigia,palustris,,(L.) Elliott ,species
719,Ludwigia,stolonifera,,(Guill. et Perr.) Raven ,species
719,Lunaria,,,,genus
719,Lunaria,scabra,,Forssk. ,species
719,Lupinus,,,,genus
719,Lupinus,albus,,L. ,species
719,Lupinus,angustifolius,,L. ,species
719,Lupinus,digitatus,,Forssk. ,species
719,Lupinus,hirsutus,,L. ,species
719,Lupinus,luteus,,L. ,species
719,Lupinus,pilosus,,L. ,species
719,Lupinus,termis,,Forssk. ,species
719,Lycopodium,,,,genus
719,Lycopodium,cernuum,,L. ,species
719,Lygia,,,,genus
719,Lygia,aucheri,,(Meisn.) Boiss. ,species
719,Lygia,passerina,,(L.) Fasano ,species
719,Lygia,pubescens,,(Guss.) C.A. Mey. ,species
719,Lythrum,,,,genus
719,Lythrum,bibracteatum,,Salzm. ,species
719,Lythrum,flexuosum,,Auct. ,species
719,Lythrum,graefferi,,Ten. ,species
719,Lythrum,hyssopifolia,,L. ,species
719,Lythrum,jun'ceum,,Banks et Sol. ,species
719,Lythrum,mucronatum,,Link ,species
719,Lythrum,salicaria,,L. ,species
719,Lythrum,salzmannii,,Jord. ,species
719,Lythrum,tomentosum,,Mill. ,species
719,Lythrum,tribracteatum,,Salzm. ,species
719,MalabaHa,,,,genus
719,MalabaHa,graveolens,,(M. Bieb.) Hoffm. ,species
719,MalabaHa,secacul,,(Banks et Sol.) Boiss. ,species
720,Malcolmia,,,,genus
720,Malcolmia,africana,,(L.) R. Br. ,species
720,Malcolmia,auranitica,,Post. ,species
720,Malcolmia,bungei,,Boiss. ,species
720,Malcolmia,chia,,(L.) D.C. ,species
720,Malcolmia,confusa,,Boiss. ,species
720,Malcolmia,conringioides,,Boiss. ,species
720,Malcolmia,contortuplicata,,(Steph.) Boiss. ,species
720,Malcolmia,crenulata,,(D.C.) Boiss. ,species
720,Malcolmia,",exacoides",,(D.C.) Spreng. ,species
720,Malcolmia,grandiflora,,(Bge) O. Kuntze ,species
720,Malcolmia,maritima,,(L.) R. Br. ,species
720,Malcolmia,nana,,(D.C.) Boiss. ,species
720,Malcolmia,pulchella,,D.C. ,species
720,Malcolmia,zachlensis,,Post ,species
720,Malus,,,,genus
720,Malus,trilobata,,(Lab.) C.K. Schneider ,species
720,Malva,,,,genus
720,Malva,aegyptia,,L. ,species
720,Malva,montana,,Forssk ,species
720,Malva,neglecta,,Wallr. ,species
720,Malva,nicaeensis,,AU. ,species
720,Malva,oxyloba,,Boiss. ,species
720,Malva,parviflora,,L. ,species
720,Malva,rotundifolia,,L. ,species
720,Malva,sherardiana,,L. ,species
720,Malva,sylvestris,,L. ,species
720,Malvella,,,,genus
720,Malvella,sherardiana,,(L.) Jaub. et Spach ,species
720,Maresia,,,,genus
720,Maresia,nana,,(D.C.) Bail ,species
720,Maresia,pulchella,,(D.C.) O.E. Schulz ,species
720,Matthiola,,,,genus
720,Matthiola,bicornis,,(Sibth. et Smith) D.C. ,species
720,Matthiola,crassifolia,,Boiss. et GaiU. ,species
720,Matthiola,damascena,,Boiss. ,species
720,Matthiola,fruticulosa,,(L.) Maire ,species
720,Matthiola,lo'ngipetala,,Vent. ,species
720,Matthiola,oxyceras,,D.C. ,species
720,Matthiola,tricuspidata,,(L.) R. Br. ,species
720,Matthiola,tristis,,(L.) R. Br. ,species
720,Medicago,,,,genus
720,Medicago,agrestis,,Ten. ,species
720,Medicago,apiculata,,Willd. ,species
720,Medicago,arabica,,(L.) Huds. ,species
720,Medicago,blancheana,,Boiss. ,species
720,Medicago,ciliaris:,,(L.) Krocker ,species
720,Medicago,circinnata,,L. ,species
720,Medicago,constricta,,Durieu ,species
720,Medicago,coronata,,(L.) Desr. ,species
720,Medicago,cupaniana,,Guss. ,species
720,Medicago,denticulata,,Willd. ,species
720,Medicago,elegans,,Jacqu. ,species
720,Medicago,falcata,,L. ,species
720,Medicago,galilaea,,Boiss. ,species
720,Medicago,gerardii,,Waldst. et Kit. ,species
720,Medicago,globosa,,J. Presl ,species
720,Medicago,granatensis,,Willd. ,species
720,Medicago,hispida,,Gaertn. ,species
720,Medicago,hystrix,,Ten. ,species
720,Medicago,laciniata,,AIL. ,species
720,Medicago,lappacea,,D.C. ,species
720,Medicago,litoralis,,Rohde ,species
720,Medicago,lupulina,,L. ,species
720,Medicago,maculata,,Sibth. ,species
720,Medicago,marginala,,Willd. ,species
720,Medicago,marina,,L. ,species
720,Medicago,minima,,Lam. ,species
720,Medicago,murex,,Willd. ,species
720,Medicago,nummularia,,D.C. ,species
720,Medicago,orbicularis,,(L.) AU. ,species
720,Medicago,polymorpha,,L. ,species
720,Medicago,praecox,,D.C. ,species
720,Medicago,radiata,,L. ,species
720,Medicago,rigida,,Lam. ,species
720,Medicago,rigidula,,(L.) Desr. ,species
720,Medicago,rotata,,Boiss. ,species
720,Medicago,rugosa,,Desr. ,species
720,Medicago,sativa,,L. ,species
720,Medicago,scutellata,,Mill. ,species
720,Medicago,sessilis,,Peyron ,species
720,Medicago,sphaerocarpos,,"Bertol, ",species
720,Medicago,tentaculata,,Gaertn. ,species
720,Medicago,tribuloides,,Desr. ,species
720,Medicago,truncatula,,Gaertn. ,species
720,Medicago,tuberculata,,WiUd. ,species
720,Medicago,turbinata,,(L.) Willd. ,species
720,Medicago,varia,,Maftyn ,species - hybrid
720,Melandrium,,,,genus
720,Melia,,,,genus
720,Melia,azedarach,,L. ,species
720,Melilotus,,,,genus
720,Melilotus,albus,,Desr. ,species
720,Melilotus,compactus,,Salzm. ,species
720,Melilotus,indicuş,,(L.) AU. ,species
720,Melilotus,infestus,,Guss. ,species
720,Melilotus,italicus,,(L.) Lam. ,species
720,Melilotus,messanensis,,(L.) AU. ,species
720,Melilotus,officinalis,,(L.) Lam. ,species
720,Melilotus,parviflorus,,Desf. ,species
720,Melilotus,procumbens,,Besser ,species
720,Melilotus,segetalis,,(Brot.) Ser. ,species
720,Melilotus,siculus,,(Turra) Vitm. ,species
720,Melilotus,sulcatus,,Desf. ,species
720,Metiocarpus,,,,genus
720,Metiocarpus,alatus,,Boiss. ,species
720,Metiocarpus,anisopterus,,Boiss. ,species
720,Metiocarpus,peduncularis,,,species
720,Meniocus,,,,genus
720,Meniocus,aureus,,Fenzl ,species
720,Meniocus,filifolius,,Jaub. et Spach ,species
720,Meniocus,linifolius,,(Steph.) D.C. ,species
720,Meniocus,serpyllifolius,,,species
721,Mercunalis,,,,genus
721,Mercunalis,annua,,L. ,species
721,Mercunalis,ovata,,Sternb. et Hoppe ,species
721,Mercunalis,perennis,,L. ,species
721,Mespilus,,,,genus
721,Mespilus,amelanchier,,L. ,species
721,Mespilus,germanica,,L. ,species
721,Mespilus,pyracantha,,L. ,species
721,Mimosa,,,,genus
721,Mimosa,farda,,Banks et Sol. ,species
721,Mimosa,farnesiana,,L. ,species
721,Monocaryum,,,,genus
721,Monocaryum,fasciculare,,(L.) Roem. et Sch. ,species
721,Muscari,,,,genus
721,Muscari,maritimum,,Desf. ,species
721,Myagrûm,,,,genus
721,Myagrûm,irregulare,,Asso ,species
721,Myagrûm,perfoliatum,,"L, ",species
721,Myosurus,,,,genus
721,Myosurus,minimus,,L. ,species
721,Myriophylluni,,,,genus
721,Myriophylluni,spicatum,,L. ,species
721,Myriophylluni,verticillatum,,L. ,species
721,Myrtus,,,,genus
721,Myrtus,communis,,L. ,species
721,Nardurus,,,,genus
721,Nardurus,orientalis,,Boiss. ,species
721,Nardurus,subulatus,,(Banks et Sol.) Bor ,species
721,Nasturtium,,,,genus
721,Nasturtium,amphibium,,(L.) R. Br. ,species
721,Nasturtium,fontanum,,(Lam.) Auch. ,species
721,Nasturtium,macrocarpum,,Boiss. ,species
721,Nasturtium,microphyllum,,"Bonn, ex Reichb. ",species
721,Nasturtium,officinale,,R. BK ,species
721,Nasturtium,sylvestre,,(L.) R. Br^-^__ ,species
721,Neslia,,,,genus
721,Neslia,apiculata,,(F. et M.) Avé-Lall. ,species
721,Neurada,,,,genus
721,Neurada,procumbens,,L. ,species
721,Nigella,,,,genus
721,Nigella,arvensis,,L. ,species
721,Nigella,arvensis,caudata,Boiss. ,var.
721,Nigella,arvensis,microcarpa,Boiss. ,var.
721,Nigella,arvensis,mutica,(Bornm.) Mout. ,var.
721,Nigella,assyriaca,,Boiss. ,species
721,Nigella,ciliaris,,D.C. ,species
721,Nigella,cretensis,,Stev. ,species
721,Nigella,eretica,,Mill. ,species
721,Nigella,damascena,,L. ,species
721,Nigella,divaricata,,Beaupré ,species
721,Nigella,glauca,,Boiss. ,species
721,Nigella,latisecta,,Davis ,species
721,Nigella,noêana,,Boiss. ,species
721,Nigella,orientalis,,L. ,species
721,Nigella,oxypetala,,Boiss. ,species
721,Nigella,persica,,Boiss. ,species
721,Nigella,sativa,,L. ,species
721,Nigella,stellaris,,Boiss. ,species
721,Nigella,tuberculata,,Griseb. ,species
721,Nigella,unguicularis,,(Lam.) Spenn ,species
721,Nitraria,,,,genus
721,Nitraria,retuşa,,(Forssk.) Asch. ,species
721,Nitraria,tridetttata,,Desf. ,species
721,Noccaea,,,,genus
721,Noccaea,procumbens,,(L.) Reichb. ,species
721,Notholaena,,,,genus
721,Notholaena,marantae,,(L.) R.Br. ,species
721,Notholaena,vellea,,(Ait.) R.Br. ,species
721,Notoceras,,,,genus
721,Notoceras,bicorne,,(Ait.) Caruel. ,species
721,Notoceras,canariênse,,R.Br. ,species
721,Notoceras,cardaminifolium,,D.C. ,species
721,Nuphar,,,,genus
721,Nuphar,luteum,,(L.) Sm. ,species
721,Nymphaea,,,,genus
721,Nymphaea,alba,,L. ,species
721,Ochthodium,,,,genus
721,Ochthodium,aegyptiacum,,(L.) D.C. ,species
721,Oenanthe,,,,genus
721,Oenanthe,angulosa,,Griseb. ,species
721,Oenanthe,aquatica,,(L.) Poiret ,species
721,Oenanthe,fistulosa,,L. ,species
721,Oenanthe,media,,Griseb. ,species
721,Oenanthe,phellandrium,,Lam. ,species
721,Oenanthe,pimpinelloides,,L. ,species
721,Oenanthe,prolifera,,L. ,species
721,Oenothera,,,,genus
721,Oenothera,biennis,,L. ,species
721,Oliveria,,,,genus
721,Oliveria,decumbens,,Vent. ,species
721,Oliveria,orientalis,,D.C. ,species
721,Onobrychis,,,,genus
721,Onobrychis,aequidentata,,(Sibth. et Smith) ,species
721,Onobrychis,aurantiaca,,Boiss. ,species
721,Onobrychis,cadmea,,Boiss. ,species
721,Onobrychis,caput-galli,,(L.) Lam. ,species
721,Onobrychis,cornuta,,(L.) Desv. ,species
721,Onobrychis,crista-galli,,(L.) Lam. ,species
721,Onobrychis,gaertneriana,,Boiss. ,species
721,Onobrychis,gaillardotii,,Boiss. ,species
721,Onobrychis,gracilis,,Boiss. ,species
721,Onobrychis,hemicycla,,Blanche ,species
721,Onobrychis,kotschyana,,Fenzl ,species
721,Onobrychis,lanata,,Boiss. ,species
721,Onobrychis,megataphros,,Boiss. ,species
722,Onobrychis,nisibena,,Moût. ,species
722,Onobrychis,olivieri',,Boiss. ,species
722,Onobrychis,pinnata,,(Bertol.) Hand.-Mazz.) ,species
722,Onobrychis,sativa,,Lam. ,species
722,Onobrychis,squarrosa,,Viv. ,species
722,Onobrychis,supina,,(Chaix) Lam. ,species
722,Onobrychis,tragacanthoides,,D.C. ,species
722,Ononis,,,,genus
722,Ononis,adenotricha,,Boiss. ,species
722,Ononis,alopecuroides,,L. ,species
722,Ononis,antiquorum,,Auct. ,species
722,Ononis,biflora,,Desf. ,species
722,Ononis,breviflora,,Desf. ,species
722,Ononis,cherleri,,L. ,species
722,Ononis,columnae,,AU. ,species
722,Ononis,diffusa,,Turra ,species
722,Ononis,ervoides,,Sieb. ,species
722,Ononis,hirta,,Def. ,species
722,Ononis,leiosperma,,Boiss. ,species
722,Ononis,mitissima,,L. ,species
722,Ononis,natrix,,L. ,species
722,Ononis,ornithopodioides,,L. ,species
722,Ononis,phyllocephala,,Boiss. ,species
722,Ononis,pubescens,,L. ,species
722,Ononis,pusilla,,L. ,species
722,Ononis,reclinata,,L. ,species
722,Ononis,serrata,,Forssk. ,species
722,Ononis,sicula,,Guss. ,species
722,Ononis,spinosa,,L. ,species
722,Ononis,vaginalis,,Vahl ,species
722,Ononis,variegata,,L. ,species
722,Ononis,viscosa,,L. ,species
722,Opopanax,,,,genus
722,Opopanax,hispidus,,(Friv.) Griseb. ,species
722,Opopanax,prientale,,Boiss. ,species
722,Opopanax,syriacum,,Boiss. ,species
722,Opuntia,,,,genus
722,Opuntia,ficus-indica,,(L.) Mill. ,species
722,Opuntia,monacantha,,How. ,species
722,Opuntia,vulgaris,,Mill. ,species
722,Orlaya,,,,genus
722,Orlaya,platycarpos,,(L.) Koch ,species
722,Orlaya,maritima,,(Gou.) Koch ,species
722,Ornithogalum,,,,genus
722,Ornithogalum,billardieri,,Moût. ,species
722,Ornithogalum,lanceolatum,,Auct. ,species
722,Ornithogalum,montanum,,Cyrillo ,species
722,Ornithopus,,,,genus
722,Ornithopus,compressus,,L. ,species
722,Ornithopus,ebracteolatus,,Brot. ,species
722,Ornithopus,pinnatus,,(Mill.) Druce ,species
722,Ornithopus,scorpioides,,L. ,species
722,Orobus,,,,genus
722,Orobus,croceus,,Desf. ,species
722,Orobus,digitatus,,Bieb. ,species
722,Orobus,elongatus,,Bornm. ,species
722,Orobus,grandiflorus,,Boiss. ,species
722,Orobus,niger,,L. ,species
722,Oxalis,,,,genus
722,Paeonia,,,,genus
722,Paliurus,,,,genus
722,Papaver,,,,genus
722,Papaver,belangeri,,Boiss. ,species
722,Papaver,carmeti,,Feinb. ,species
722,Papaver,clavatum,,Boiss. et Hausskn. ,species
722,Papaver,dubium,,L. ,species
722,Papaver,glaucum,,Boiss. et Huet ,species
722,Papaver,humifusum,,Fedde ,species
722,Papaver,laevigatum,,M. Bieb. ,species
722,Papaver,libanoticum,,Boiss; ,species
722,Papaver,polytrichum,,Boiss. et Ky ,species
722,Papaver,postii,,Fedde ,species
722,Papaver,rapiferum,,Fedde ,species
722,Papaver,rhoeas,,L. ,species
722,Papaver,rogersii,,Exelm. ,species
722,Papaver,somniferum,,L. ,species
722,Papaver,strîgosum,,Bônningh ,species
722,Papaver,stylatum,,Boiss. et Hausskn. ,species
722,Papaver,subpiriforme,,Fedde ,species
722,Papaver,syriacum,,Boiss. et Bl. ,species
722,Papaver,umbonatum,,Boiss. ,species
722,Pappopharum,,,,genus
722,Pappopharum,squarrosum,,Banks et Sol. ,species
722,Parietaria,,,,genus
722,Parietaria,officinalis,,,species
722,Paronychia,,,,genus
722,Paronychia,echinata,,Lam. ,species
722,Paronychia,echinulata,,Chater ,species
722,Paspalum,,,,genus
722,Paspalum,distichum,,Auct. ,species
722,Paspalum,paspaloides,,(Michaux) Şcribner ,species
722,Passerina,,,,genus
722,Passerina,annua,,Wickstr. ,species
722,Passerina,arvensis,,Lam. ,species
722,Passerina,hirsuta,,L. ,species
722,Passerina,lessertii,,Wickstr. ,species
722,Passerina,pubescens,,Guss. ,species
723,Pastinaca,,,,genus
723,Pastinaca,graveolens,,Bieb. ,species
723,Pastinaca,opopanax,,L. ,species
723,Pastinaca,second,,Banks et Sol. ,species
723,Pastinaca,teretiuscula,,Boiss. ,species
723,Pastinaca,urens,,Rcqu. ,species
723,Peganum,,,,genus
723,Peganum,harmala,,L. ,species
723,Pelargonium,,,,genus
723,Pelargonium,endlicherianum,,Fenzl ,species
723,Peltaria,,,,genus
723,Peltaria,angustifolia,,D.C. ,species
723,Peltaria,glastifolia,,D.C. ,species
723,Pennisetum,,,,genus
723,Pennisetum,dichotomum,,(Forssk.) Del. ,species
723,Pennisetum,divisutn,,(Gmel.) Henr. ,species
723,Pennisetum,orientale,,L.C. Rich. ,species
723,Pennisetum,setaceum,,(Forssk.) Chiov. ,species
723,Peplis,,,,genus
723,Peplis,alternifolia,,M. Bieb. ,species
723,Persica,,,,genus
723,Persica,vutgaris,,Mill. ,species
723,Petrorhagia,,,,genus
723,Petrorhagia,arabica,,(Boiss.) Bail et Heywood ,species
723,Petrorhagia,eretica,,(L.) Bail et Heywood ,species
723,Petrorhagia,velutina,,(Guss.) Bail et Heywood ,species
723,Petroselinum,,,,genus
723,Petroselinum,crispum,,(Mill.) A.W. Hill ,species
723,Petroselinum,hortense,,Auct. ,species
723,Petroselinum,sativum,,Hoffm. ,species
723,Peucedanum,,,,genus
723,Peucedanum,depauperatum,,Boiss. et Ba ,species
723,Peucedanum,haradjianii,,Rech. fil. ,species
723,Peucedanum,juriceum,,(Boiss.) Moût. ,species
723,Peucedanum,libanoticum,,Peyron ,species
723,Peucedanum,mucronatum,,Thiéb. ,species
723,Peucedanum,spreitzenhoferi,,Dingier ,species
723,Phaca,,,,genus
723,Phaca,baetica,,L. ,species
723,Phellandrium,,,,genus
723,Phellandrium,aquaticum,,L. ,species
723,Phragmites,,,,genus
723,Phragmites,australia,,(Cav.) Trin. ,species
723,Phragmites,commutas,,Trin. ,species
723,Phyllitis,,,,genus
723,Phyllitis,hemionitis,,(Lag.) O. Kuntze ,species
723,Phyllitis,hybrida,,"(Milde) Christ, ",species
723,Phyllitis,sapttata,,(D.C.) Guinea et Heywood ,species
723,Phyllitis,scolopendrium,,(L.) Newm. ,species
723,Physanthyllis,,,,genus
723,Physanthyllis,tetraphylla,,(L.) Boiss. ,species
723,Physocaulis,,,,genus
723,Physocaulis,nodosus,,(L.) Tausch ,species
723,Pkysospermum,,,,genus
723,Pkysospermum,aquilegifolium,,(AU.) Koch ,species
723,Pkysospermum,cornubiense,,(Torn.) Reichb. ,species
723,Pimpinella,,,,genus
723,Pimpinella,anthriscoides,,Boiss. ,species
723,Pimpinella,corymbosa,,Boiss. ,species
723,Pimpinella,eretica,,Poir. ,species
723,Pimpinella,eriocarpa,,Banks et Sol. ,species
723,Pimpinella,kotschyana,,Boiss. ,species
723,Pimpinella,olivieri,,Boiss. ,species
723,Pimpinella,peregrina,,L. ,species
723,Pimpinella,puberala,,D.C. ,species
723,Pimpinella,tragium,,Vill. ,species
723,Pimpinella,triradiata,,Boiss. ,species
723,Pirus,,,,genus
723,Pirus,boveana,,Decne ,species
723,Pirus,bovei,,Steud. ,species
723,Pirus,syriaca,,Boiss. ,species
723,Pirus,trilobata,,(Lab.) D.C. ,species
723,Pistacia,,,,genus
723,Pistacia,atlantica,,Desf. ,species
723,Pistacia,khinjuk,,Stokes ,species
723,Pistacia,lentiscus,,L. ,species
723,Pistacia,mutica,,Fisch et Mey. ,species
723,Pistacia,palaestina,,Boiss. ,species
723,Pistacia,palaestina,,X lentiscus ,species
723,Pistacia,terebinthus,,L. ,species
723,Pistacia,vera,,L. ,species
723,Pisum,,,,genus
723,Pisum,arvense,,L. ,species
723,Pisum,elâtius,,Bieb. ,species
723,Pisum,formosum,,Stev. ,species
723,Pisum,fulvum,,Sibth. er Smith ,species
723,Pisum,humile,,Boiss. et Noë ,species
723,Pisum,sativum,,L. ,species
723,Platanus,,,,genus
723,Platanus,acerifolia,,(Aiton) Willd. ,species
723,Platanus,cuneata,,Willd. ,species
723,Platanus,hybrida,,Brot. ,species
723,Platanus,orientalis,,L. ,species
723,Polygala,,,,genus
723,Polygala,anatolica,,Boiss. et Heldr. ,species
723,Polygala,monspeliaca,,L. ,species
723,Polygala,supina,,Schreb. ,species
723,Polygonum,,,,genus
723,Polygonum,arenastrum,,Boreau ,species
723,Polygonum,aviculare,,L. ,species
723,Polypodium,,,,genus
723,Polypodium,australe,,Fée ,species
723,Polypodium,vulgare,,L. ,species
723,Polypogon,,,,genus
723,Polypogon,semiyerticillatus,,(Forssk.) Hyl. ,species
723,Polystichum,,,,genus
723,Polystichum,aculeatum,,(L.) Roth ,species
723,Polystichum,setiferum,,(Forssk.) Woynar ,species
723,Potentilla,,,,genus
723,Potentilla,anserina,,L. ,species
723,Potentilla,babiskensis,,Post et Beauv. ,species
723,Potentilla,geranioides,,Willd. ,species
723,Potentilla,hirta,,L. ,species
723,Potentilla,kotschyana,,Fenzl ,species
723,Potentilla,libanotica,,Boiss. ,species
724,Potentilla,micrantha,,Ramond ,species
724,Potentilla,pedata,,Willd. ,species
724,Potentilla,reptans,,L. ,species
724,Potentilla,speciosa,,Willd. ,species
724,Potentilla,supina,,L. ,species
724,Poterium,,,,genus
724,Poterium,compactum,,Boiss. ,species
724,Poterium,gaillardotii,,Boiss. ,species
724,Poterium,lasiocarpum,,Boiss. et Hausskn. ,species
724,Poterium,muricatum,,Spach ,species
724,Poterium,polygamum,,Waldst. et Kit. ,species
724,Poterium,spinosum,,L. ,species
724,Poterium,verrucosum,,Ehrenb. ,species
724,Poterium,villosum,,Sibth. et Smith ,species
724,Prangos,,,,genus
724,Prangos,asperula,,Boiss. ,species
724,Prangos,deserti,,Post et Beauv. ,species
724,Prangos,hermonis,,Boiss. ,species
724,Prangos,meliocarpoides,,Boiss. ,species
724,Prangos,microcarpa,,Benth. et Hook. ,species
724,Prosopis,,,,genus
724,Prosopis,stephaniana,,(Willd.) Kunth ,species
724,Prunus,,,,genus
724,Prunus,agrestis,,(Boiss.) n. comb. ,species
724,Prunus,amygdalus,,(L.) Stokes ,species
724,Prunus,arabica,,(Oliv.) Meikle ,species
724,Prunus,argentea,,(Lam.) Rehder ,species
724,Prunus,armeniaca,,L. ,species
724,Prunus,cerasia,,Bl. ,species
724,Prunus,korschinskyi,,Hand-Mazz. ,species
724,Prunus,kotschyi,,(Boiss. et Huet) Meikle ,species
724,Prunus,laurocerasus,,L. ,species
724,Prunus,lycioides,,(Spach) W.K. Schneider ,species
724,Prunus,mahaleb,,L. ,species
724,Prunus,microcarpa,,C.A. Mey. ,species
724,Prunus,monticola,,C. Koch ,species
724,Prunus,prostrata,,Labili. ,species
724,Prunus,spartioides,,(Spach) W.K. Schneider ,species
724,Prunus,spinosa,,L. ,species
724,Prunus,tortuosa,,Boiss. et Hausskn. ,species
724,Prunus,ursina,,Ky ,species
724,Psammogeton,,,,genus
724,Psammogeton,canescens,,(D.C.) Vatke ,species
724,Psammogeton,crinitum,,Boiss. ,species
724,Psammogeton,setifolium,,Boiss. ,species
724,Psammogeton,triternatum,,Edgew. ,species
724,Pseudorlaya,,,,genus
724,Pseudorlaya,maritima,,(Gou.) Murbeck ,species
724,Pseudorlaya,pumila,,(L.) Grande ,species
724,Psoralea,,,,genus
724,Psoralea,bituminosa,,L. ,species
724,Psoralea,jaubertiana,,Fenzl ,species
724,Pteris,,,,genus
724,Pteris,longifolia,,Auct. ,species
724,Pteris,vïttata,,L. ,species
724,Ptychotis,,,,genus
724,Ptychotis,puberala,,D;C. ,species
724,Pucànellia,,,,genus
724,Pucànellia,fupestris,,(Whit.) Fern et Weath ,species
724,Punica,,,,genus
724,Punica,granatum,,,species
724,Pyracantha,,,,genus
724,Pyracantha,coccinea,,Roem. ,species
724,Radicala,,,,genus
724,Radicala,nasturtium-aquaticum,,(L.) Druce ,species
724,Radiola,,,,genus
724,Radiola,linoides,,Roth ,species
724,Ranunculus,,,,genus
724,Ranunculus,aqUatilis,,L. ,species
724,Ranunculus,arvensis,,L. ,species
724,Ranunculus,asiaticus,,L. ,species
724,Ranunculus,calthifolius,,(Guss.) Jord. ,species
724,Ranunculus,cassius,,Boiss. ,species
724,Ranunculus,chaerophyllos,,Auct. ,species
724,Ranunculus,chionophilus,,Boiss. ,species
724,Ranunculus,chius,,D.C. ,species
724,Ranunculus,constantinopolitanus,,d'Urv. ,species
724,Ranunculus,cornutus,,D.C. ,species
724,Ranunculus,cuneatus,,Boiss ,species
724,Ranunculus,damascenus,,Boiss. et Gaill. ,species
724,Ranunculus,dasycarpus,,Boiss. ,species
724,Ranunculus,demissus,,D.C. ,species
724,Ranunculus,eriophyllus,,C. Koch ,species
724,Ranunculus,fakatus,,L. ,species
724,Ranunculus,ficaria,,L. ,species
724,Ranunculus,ficariiformis,,F. Schultz ,species
724,Ranunculus,ficarioides,,Bory et Chaub. ,species
724,Ranunculus,flabellatus,,Desf. ,species
724,Ranunculus,hierosolymitanus,,Boiss. ,species
724,Ranunculus,lateriflorus,,D.C. ,species
724,Ranunculus,libanoticus,,Freyn ,species
724,Ranunculus,lomatocarpus,,Fisch et Mey. ,species
724,Ranunculus,macrorrhynchup,,Boiss.- ,species
724,Ranunculus,marginaţus,,d'Urv. ,species
724,Ranunculus,millefoliatus,,Vahl ,species
724,Ranunculus,millefolius,,Banks et Sol. ,species
724,Ranunculus,muricatus,,L. ,species
724,Ranunculus,myosuroides,,Boiss. et Ky ,species
724,Ranunculus,myriophyllus,,D.C. ,species
724,Ranunculus,neapolitanus,,Ten ,species
724,Ranunculus,ophioglossifolius,,Vill. ,species
724,Ranunculus,orbiculatus,,Boiss. et Bo. ,species
724,Ranunculus,orientalis,,L. ,species
724,Ranunculus,oxyspermus,,M. Bieb. ,species
724,Ranunculus,palaestinus,,Boiss. ,species
724,Ranunculus,paludosus,,Poir. ,species
724,Ranunculus,paucistamineus,,Tausch ,species
724,Ranunculus,peyronii,,Briquet ,species
724,Ranunculus,pinardii,,Boiss. ,species
724,Ranunculus,rhynchocarpus,,C.A. Mey. ,species
